rank,hostname,cpu,affinity,gpu_id,pci_bus_id,status,small_bytes,large_bytes,iters,h2d_lat_min_us,h2d_lat_median_us,h2d_lat_mean_us,d2h_lat_min_us,d2h_lat_median_us,d2h_lat_mean_us,h2d_bw_median_gbps,d2h_bw_median_gbps
0,"n23g0012.hpc.itc.rwth-aachen.de",0,"0",0,0000:1b:00.0,"OK",4096,16777216,20,10.325,11.087,11.0733,10.756,11.2785,11.3191,18.562,15.531
0,"n23g0012.hpc.itc.rwth-aachen.de",0,"0",1,0000:2c:00.0,"OK",4096,16777216,20,11.194,11.668,11.7842,11.45,11.9635,12.6897,12.56,10.8335
0,"n23g0012.hpc.itc.rwth-aachen.de",0,"0",2,0000:9d:00.0,"OK",4096,16777216,20,12.337,12.6895,13.1406,12.013,12.5565,12.5007,19.2693,8.7348
0,"n23g0012.hpc.itc.rwth-aachen.de",0,"0",3,0000:ad:00.0,"OK",4096,16777216,20,11.986,12.6445,12.6788,12.537,12.929,13.3664,19.2197,8.73362
1,"n23g0012.hpc.itc.rwth-aachen.de",1,"1",0,0000:1b:00.0,"OK",4096,16777216,20,10.557,10.9475,11.0061,10.803,11.374,11.3782,18.6275,15.4613
1,"n23g0012.hpc.itc.rwth-aachen.de",1,"1",1,0000:2c:00.0,"OK",4096,16777216,20,10.923,11.7325,12.5538,11.346,11.7535,11.7556,12.5849,10.8427
1,"n23g0012.hpc.itc.rwth-aachen.de",1,"1",2,0000:9d:00.0,"OK",4096,16777216,20,12.024,12.6035,12.6126,12.165,12.6495,12.927,18.4887,9.11691
1,"n23g0012.hpc.itc.rwth-aachen.de",1,"1",3,0000:ad:00.0,"OK",4096,16777216,20,12.272,12.6355,12.6867,12.259,12.7075,12.7121,18.3818,9.60506
2,"n23g0012.hpc.itc.rwth-aachen.de",2,"2",0,0000:1b:00.0,"OK",4096,16777216,20,10.637,10.891,10.9827,11.005,11.3525,11.3315,18.5814,15.4834
2,"n23g0012.hpc.itc.rwth-aachen.de",2,"2",1,0000:2c:00.0,"OK",4096,16777216,20,10.982,11.651,11.662,11.469,11.8155,11.8208,12.581,10.8401
2,"n23g0012.hpc.itc.rwth-aachen.de",2,"2",2,0000:9d:00.0,"OK",4096,16777216,20,11.925,12.5665,12.8031,12.096,12.643,12.6181,18.7537,8.71922
2,"n23g0012.hpc.itc.rwth-aachen.de",2,"2",3,0000:ad:00.0,"OK",4096,16777216,20,12.031,12.4835,12.5595,12.413,12.916,12.9235,18.5109,9.59814
3,"n23g0012.hpc.itc.rwth-aachen.de",3,"3",0,0000:1b:00.0,"OK",4096,16777216,20,10.599,11.0995,11.1198,11.029,11.287,11.389,18.6471,15.4334
3,"n23g0012.hpc.itc.rwth-aachen.de",3,"3",1,0000:2c:00.0,"OK",4096,16777216,20,11.097,11.7465,11.7415,11.252,11.916,12.5243,12.5807,10.7681
3,"n23g0012.hpc.itc.rwth-aachen.de",3,"3",2,0000:9d:00.0,"OK",4096,16777216,20,12.088,12.376,12.429,12.06,12.6085,12.6464,18.4065,8.68727
3,"n23g0012.hpc.itc.rwth-aachen.de",3,"3",3,0000:ad:00.0,"OK",4096,16777216,20,12.605,13.007,13.6731,12.523,12.8375,12.853,17.9785,9.43911
4,"n23g0012.hpc.itc.rwth-aachen.de",4,"4",0,0000:1b:00.0,"OK",4096,16777216,20,10.435,10.986,11.0017,10.903,11.2355,11.2222,18.6127,15.4838
4,"n23g0012.hpc.itc.rwth-aachen.de",4,"4",1,0000:2c:00.0,"OK",4096,16777216,20,10.997,11.6395,11.5959,11.555,11.972,12.5824,12.5719,10.8191
4,"n23g0012.hpc.itc.rwth-aachen.de",4,"4",2,0000:9d:00.0,"OK",4096,16777216,20,12.129,12.814,13.2548,12.252,12.815,12.7803,18.7164,8.71856
4,"n23g0012.hpc.itc.rwth-aachen.de",4,"4",3,0000:ad:00.0,"OK",4096,16777216,20,12.55,12.852,12.9273,12.434,12.9395,12.9187,18.3148,8.95844
5,"n23g0012.hpc.itc.rwth-aachen.de",5,"5",0,0000:1b:00.0,"OK",4096,16777216,20,10.526,11.0895,12.0576,10.85,11.429,11.4521,18.5794,15.4535
5,"n23g0012.hpc.itc.rwth-aachen.de",5,"5",1,0000:2c:00.0,"OK",4096,16777216,20,11.231,11.5825,11.6553,11.155,11.981,12.3482,12.5361,10.8381
5,"n23g0012.hpc.itc.rwth-aachen.de",5,"5",2,0000:9d:00.0,"OK",4096,16777216,20,12.155,12.549,13.1876,12.088,12.5835,12.5984,18.6214,9.59578
5,"n23g0012.hpc.itc.rwth-aachen.de",5,"5",3,0000:ad:00.0,"OK",4096,16777216,20,12.323,12.83,12.8227,12.417,12.909,12.9045,18.3679,9.65055
6,"n23g0012.hpc.itc.rwth-aachen.de",6,"6",0,0000:1b:00.0,"OK",4096,16777216,20,10.807,11.3155,11.3012,10.99,11.476,11.6524,18.5724,15.4949
6,"n23g0012.hpc.itc.rwth-aachen.de",6,"6",1,0000:2c:00.0,"OK",4096,16777216,20,11.057,11.695,12.3325,11.451,11.88,11.8977,12.5575,10.8433
6,"n23g0012.hpc.itc.rwth-aachen.de",6,"6",2,0000:9d:00.0,"OK",4096,16777216,20,11.703,12.3975,12.3694,12.169,12.7915,12.7062,18.4453,9.65116
6,"n23g0012.hpc.itc.rwth-aachen.de",6,"6",3,0000:ad:00.0,"OK",4096,16777216,20,12.02,12.643,12.6001,12.327,12.8555,12.8988,18.0965,9.63043
7,"n23g0012.hpc.itc.rwth-aachen.de",7,"7",0,0000:1b:00.0,"OK",4096,16777216,20,10.879,11.1355,11.1673,10.968,11.39,11.8134,18.5968,15.4819
7,"n23g0012.hpc.itc.rwth-aachen.de",7,"7",1,0000:2c:00.0,"OK",4096,16777216,20,11.063,11.602,11.5958,11.397,11.773,12.3037,12.5599,10.8357
7,"n23g0012.hpc.itc.rwth-aachen.de",7,"7",2,0000:9d:00.0,"OK",4096,16777216,20,12.149,12.4685,12.6191,11.946,12.6635,13.4047,18.7445,9.64728
7,"n23g0012.hpc.itc.rwth-aachen.de",7,"7",3,0000:ad:00.0,"OK",4096,16777216,20,12.427,12.703,12.8121,12.416,13.0335,14.1033,18.4705,8.70083
8,"n23g0012.hpc.itc.rwth-aachen.de",8,"8",0,0000:1b:00.0,"OK",4096,16777216,20,10.64,11.17,11.2567,10.929,11.5345,12.0867,18.5938,15.4598
8,"n23g0012.hpc.itc.rwth-aachen.de",8,"8",1,0000:2c:00.0,"OK",4096,16777216,20,11.042,11.558,12.305,11.01,11.6615,11.6231,12.5723,10.8059
8,"n23g0012.hpc.itc.rwth-aachen.de",8,"8",2,0000:9d:00.0,"OK",4096,16777216,20,11.669,12.448,12.375,12.18,12.6575,12.6637,18.6418,8.71958
8,"n23g0012.hpc.itc.rwth-aachen.de",8,"8",3,0000:ad:00.0,"OK",4096,16777216,20,12.189,12.5775,12.5908,12.166,12.8,12.7708,18.429,9.65703
9,"n23g0012.hpc.itc.rwth-aachen.de",9,"9",0,0000:1b:00.0,"OK",4096,16777216,20,10.852,11.253,11.313,11.023,11.536,11.4777,18.5572,15.5688
9,"n23g0012.hpc.itc.rwth-aachen.de",9,"9",1,0000:2c:00.0,"OK",4096,16777216,20,10.888,11.6485,11.5694,11.069,11.7175,11.7274,12.5531,10.8375
9,"n23g0012.hpc.itc.rwth-aachen.de",9,"9",2,0000:9d:00.0,"OK",4096,16777216,20,11.929,12.429,12.4264,12.071,12.5515,13.0319,18.4555,9.58464
9,"n23g0012.hpc.itc.rwth-aachen.de",9,"9",3,0000:ad:00.0,"OK",4096,16777216,20,12.263,12.761,12.7748,12.218,12.7355,12.7417,18.1732,9.69995
10,"n23g0012.hpc.itc.rwth-aachen.de",10,"10",0,0000:1b:00.0,"OK",4096,16777216,20,10.767,11.091,11.1939,11.19,11.467,11.4856,18.5785,15.4934
10,"n23g0012.hpc.itc.rwth-aachen.de",10,"10",1,0000:2c:00.0,"OK",4096,16777216,20,11.039,11.5575,12.3503,11.612,11.882,11.8556,12.5663,10.8487
10,"n23g0012.hpc.itc.rwth-aachen.de",10,"10",2,0000:9d:00.0,"OK",4096,16777216,20,11.808,12.2495,12.346,12.06,12.6515,12.6529,18.6431,9.67307
10,"n23g0012.hpc.itc.rwth-aachen.de",10,"10",3,0000:ad:00.0,"OK",4096,16777216,20,12.477,12.7395,12.8144,12.309,12.8675,12.9947,18.3481,9.6317
11,"n23g0012.hpc.itc.rwth-aachen.de",11,"11",0,0000:1b:00.0,"OK",4096,16777216,20,10.7,11.214,11.2057,11.022,11.603,11.5854,18.5639,15.3478
11,"n23g0012.hpc.itc.rwth-aachen.de",11,"11",1,0000:2c:00.0,"OK",4096,16777216,20,11.22,11.8025,11.8126,11.114,11.976,12.4473,12.5637,10.8036
11,"n23g0012.hpc.itc.rwth-aachen.de",11,"11",2,0000:9d:00.0,"OK",4096,16777216,20,12.016,12.417,13.4085,12.175,12.6705,12.5835,18.6661,9.50209
11,"n23g0012.hpc.itc.rwth-aachen.de",11,"11",3,0000:ad:00.0,"OK",4096,16777216,20,12.357,12.834,12.8397,12.328,12.8155,13.2948,18.4025,9.63524
12,"n23g0012.hpc.itc.rwth-aachen.de",12,"12",0,0000:1b:00.0,"OK",4096,16777216,20,10.96,11.515,11.5366,11.124,11.569,12.2947,14.6864,15.4736
12,"n23g0012.hpc.itc.rwth-aachen.de",12,"12",1,0000:2c:00.0,"OK",4096,16777216,20,11.182,11.7825,12.4101,11.306,11.7605,11.7499,10.2881,12.2502
12,"n23g0012.hpc.itc.rwth-aachen.de",12,"12",2,0000:9d:00.0,"OK",4096,16777216,20,12.177,12.576,12.5785,12.098,12.7925,13.2763,19.2303,9.07524
12,"n23g0012.hpc.itc.rwth-aachen.de",12,"12",3,0000:ad:00.0,"OK",4096,16777216,20,12.363,12.81,12.8668,12.359,12.9775,12.9681,19.1413,9.1401
13,"n23g0012.hpc.itc.rwth-aachen.de",13,"13",0,0000:1b:00.0,"OK",4096,16777216,20,11.195,11.549,11.5922,11.183,11.5355,11.561,14.6682,15.1357
13,"n23g0012.hpc.itc.rwth-aachen.de",13,"13",1,0000:2c:00.0,"OK",4096,16777216,20,11.206,11.769,11.7527,11.049,11.739,12.1836,10.3423,13.4989
13,"n23g0012.hpc.itc.rwth-aachen.de",13,"13",2,0000:9d:00.0,"OK",4096,16777216,20,12.192,12.66,13.0058,12.049,12.5405,12.5149,19.3429,9.36987
13,"n23g0012.hpc.itc.rwth-aachen.de",13,"13",3,0000:ad:00.0,"OK",4096,16777216,20,12.419,12.778,12.8185,12.406,13.093,13.065,19.2978,10.0411
14,"n23g0012.hpc.itc.rwth-aachen.de",14,"14",0,0000:1b:00.0,"OK",4096,16777216,20,10.938,11.459,12.5206,11.118,11.432,11.4858,14.6564,15.0765
14,"n23g0012.hpc.itc.rwth-aachen.de",14,"14",1,0000:2c:00.0,"OK",4096,16777216,20,11.213,11.828,12.2686,11.136,11.7025,11.6879,10.3329,13.5765
14,"n23g0012.hpc.itc.rwth-aachen.de",14,"14",2,0000:9d:00.0,"OK",4096,16777216,20,12.145,12.7375,13.1953,12.08,12.7085,12.7208,18.5607,9.67095
14,"n23g0012.hpc.itc.rwth-aachen.de",14,"14",3,0000:ad:00.0,"OK",4096,16777216,20,12.52,12.8535,12.9035,12.319,12.9715,12.9575,18.6182,9.05768
15,"n23g0012.hpc.itc.rwth-aachen.de",15,"15",0,0000:1b:00.0,"OK",4096,16777216,20,10.782,11.5095,11.4339,10.861,11.5225,12.1461,14.6305,14.9364
15,"n23g0012.hpc.itc.rwth-aachen.de",15,"15",1,0000:2c:00.0,"OK",4096,16777216,20,11.257,11.8265,11.8676,11.24,11.6835,11.704,10.3501,13.6116
15,"n23g0012.hpc.itc.rwth-aachen.de",15,"15",2,0000:9d:00.0,"OK",4096,16777216,20,12.029,12.74,12.7329,12.171,12.628,12.815,18.7902,9.4969
15,"n23g0012.hpc.itc.rwth-aachen.de",15,"15",3,0000:ad:00.0,"OK",4096,16777216,20,12.504,12.92,13.3804,12.339,12.794,12.8178,18.8675,10.0076
16,"n23g0012.hpc.itc.rwth-aachen.de",16,"16",0,0000:1b:00.0,"OK",4096,16777216,20,10.857,11.326,11.3367,10.98,11.449,11.4271,14.6718,14.6166
16,"n23g0012.hpc.itc.rwth-aachen.de",16,"16",1,0000:2c:00.0,"OK",4096,16777216,20,11.136,11.849,12.8117,11.316,11.82,11.811,10.3195,13.1648
16,"n23g0012.hpc.itc.rwth-aachen.de",16,"16",2,0000:9d:00.0,"OK",4096,16777216,20,12.069,12.6045,13.2422,12.068,12.671,12.6365,18.7443,9.85683
16,"n23g0012.hpc.itc.rwth-aachen.de",16,"16",3,0000:ad:00.0,"OK",4096,16777216,20,12.186,12.6375,12.6296,12.194,12.843,13.2885,18.8078,9.14172
17,"n23g0012.hpc.itc.rwth-aachen.de",17,"17",0,0000:1b:00.0,"OK",4096,16777216,20,10.708,11.308,11.4049,10.967,11.446,11.4213,14.6651,14.7674
17,"n23g0012.hpc.itc.rwth-aachen.de",17,"17",1,0000:2c:00.0,"OK",4096,16777216,20,11.188,11.8715,11.8838,11.246,11.8475,11.8105,10.3144,13.5187
17,"n23g0012.hpc.itc.rwth-aachen.de",17,"17",2,0000:9d:00.0,"OK",4096,16777216,20,11.941,12.5485,12.5495,12.283,12.657,13.0734,18.8959,9.68591
17,"n23g0012.hpc.itc.rwth-aachen.de",17,"17",3,0000:ad:00.0,"OK",4096,16777216,20,12.246,12.716,12.7744,12.171,12.8165,12.7674,18.5825,9.85417
18,"n23g0012.hpc.itc.rwth-aachen.de",18,"18",0,0000:1b:00.0,"OK",4096,16777216,20,10.953,11.545,11.5197,10.873,11.4935,11.4717,14.6565,15.5544
18,"n23g0012.hpc.itc.rwth-aachen.de",18,"18",1,0000:2c:00.0,"OK",4096,16777216,20,11.512,11.828,11.8465,11.391,11.7395,11.7644,10.344,13.5891
18,"n23g0012.hpc.itc.rwth-aachen.de",18,"18",2,0000:9d:00.0,"OK",4096,16777216,20,12.038,12.52,12.5835,12.112,12.609,12.6169,18.9571,9.79703
18,"n23g0012.hpc.itc.rwth-aachen.de",18,"18",3,0000:ad:00.0,"OK",4096,16777216,20,12.335,12.71,13.6022,12.146,12.7475,12.8115,18.7625,10.0703
19,"n23g0012.hpc.itc.rwth-aachen.de",19,"19",0,0000:1b:00.0,"OK",4096,16777216,20,10.892,11.4455,11.4482,10.925,11.473,11.441,14.6758,15.6706
19,"n23g0012.hpc.itc.rwth-aachen.de",19,"19",1,0000:2c:00.0,"OK",4096,16777216,20,10.964,11.603,11.6236,11.416,11.6725,12.6849,10.3383,13.5628
19,"n23g0012.hpc.itc.rwth-aachen.de",19,"19",2,0000:9d:00.0,"OK",4096,16777216,20,12.055,12.494,12.9499,12.07,12.4835,12.4916,18.7408,9.75806
19,"n23g0012.hpc.itc.rwth-aachen.de",19,"19",3,0000:ad:00.0,"OK",4096,16777216,20,12.024,12.4315,12.4451,12.424,12.852,12.8348,18.7821,9.9711
20,"n23g0012.hpc.itc.rwth-aachen.de",20,"20",0,0000:1b:00.0,"OK",4096,16777216,20,10.965,11.255,11.3192,11,11.331,11.3545,14.6675,14.9494
20,"n23g0012.hpc.itc.rwth-aachen.de",20,"20",1,0000:2c:00.0,"OK",4096,16777216,20,11.409,11.98,11.9715,11.259,11.7865,11.7799,10.3624,13.6171
20,"n23g0012.hpc.itc.rwth-aachen.de",20,"20",2,0000:9d:00.0,"OK",4096,16777216,20,12.109,12.648,12.6956,12.057,12.5705,13.4274,19.036,10.016
20,"n23g0012.hpc.itc.rwth-aachen.de",20,"20",3,0000:ad:00.0,"OK",4096,16777216,20,12.235,12.6925,12.6818,12.419,12.948,12.8951,18.6387,9.87993
21,"n23g0012.hpc.itc.rwth-aachen.de",21,"21",0,0000:1b:00.0,"OK",4096,16777216,20,10.719,11.523,11.6829,11.137,11.592,11.5321,14.6439,15.5565
21,"n23g0012.hpc.itc.rwth-aachen.de",21,"21",1,0000:2c:00.0,"OK",4096,16777216,20,11.148,11.829,11.8381,11.37,11.7735,11.7601,10.3341,13.555
21,"n23g0012.hpc.itc.rwth-aachen.de",21,"21",2,0000:9d:00.0,"OK",4096,16777216,20,12.189,12.6445,12.7093,12.141,12.579,13.5256,19.0462,9.75184
21,"n23g0012.hpc.itc.rwth-aachen.de",21,"21",3,0000:ad:00.0,"OK",4096,16777216,20,12.077,12.5405,12.5732,12.497,12.8665,12.8785,18.7084,9.29914
22,"n23g0012.hpc.itc.rwth-aachen.de",22,"22",0,0000:1b:00.0,"OK",4096,16777216,20,10.752,11.469,12.1848,10.969,11.492,11.4396,14.6662,14.9356
22,"n23g0012.hpc.itc.rwth-aachen.de",22,"22",1,0000:2c:00.0,"OK",4096,16777216,20,11.125,11.7965,11.7833,11.118,11.5915,12.3936,10.3334,13.5889
22,"n23g0012.hpc.itc.rwth-aachen.de",22,"22",2,0000:9d:00.0,"OK",4096,16777216,20,12.103,12.473,13.3536,12.012,12.6515,12.6414,18.7074,9.24639
22,"n23g0012.hpc.itc.rwth-aachen.de",22,"22",3,0000:ad:00.0,"OK",4096,16777216,20,12.199,12.893,12.8598,12.481,12.953,12.9135,18.8445,9.39532
23,"n23g0012.hpc.itc.rwth-aachen.de",23,"23",0,0000:1b:00.0,"OK",4096,16777216,20,10.753,11.5825,11.5164,11.121,11.5465,11.5404,14.6619,14.5051
23,"n23g0012.hpc.itc.rwth-aachen.de",23,"23",1,0000:2c:00.0,"OK",4096,16777216,20,11.405,11.929,11.9445,11.483,11.8525,12.1224,10.3375,13.6146
23,"n23g0012.hpc.itc.rwth-aachen.de",23,"23",2,0000:9d:00.0,"OK",4096,16777216,20,12.198,12.721,12.7441,12.042,12.666,13.1842,19.0396,8.97457
23,"n23g0012.hpc.itc.rwth-aachen.de",23,"23",3,0000:ad:00.0,"OK",4096,16777216,20,12.108,12.788,13.5015,12.401,12.8345,13.5922,18.6328,10.0263
24,"n23g0012.hpc.itc.rwth-aachen.de",24,"24",0,0000:1b:00.0,"OK",4096,16777216,20,10.886,11.3685,11.4261,11.406,11.654,11.6675,12.7125,11.3611
24,"n23g0012.hpc.itc.rwth-aachen.de",24,"24",1,0000:2c:00.0,"OK",4096,16777216,20,11.323,11.688,11.7464,11.415,11.9055,11.9067,19.1123,16.1452
24,"n23g0012.hpc.itc.rwth-aachen.de",24,"24",2,0000:9d:00.0,"OK",4096,16777216,20,12.064,12.7185,13.2191,12.309,12.741,12.7855,19.303,8.98287
24,"n23g0012.hpc.itc.rwth-aachen.de",24,"24",3,0000:ad:00.0,"OK",4096,16777216,20,12.364,12.8145,12.8238,12.523,12.952,13.5707,19.4704,9.13078
25,"n23g0012.hpc.itc.rwth-aachen.de",25,"25",0,0000:1b:00.0,"OK",4096,16777216,20,11.27,11.603,11.7134,11.277,11.7,11.6933,12.7746,11.4602
25,"n23g0012.hpc.itc.rwth-aachen.de",25,"25",1,0000:2c:00.0,"OK",4096,16777216,20,11.04,11.4875,12.3422,11.227,11.742,11.7259,19.1556,16.5601
25,"n23g0012.hpc.itc.rwth-aachen.de",25,"25",2,0000:9d:00.0,"OK",4096,16777216,20,12.315,12.74,12.7306,12.419,12.9095,12.9,18.6348,8.85057
25,"n23g0012.hpc.itc.rwth-aachen.de",25,"25",3,0000:ad:00.0,"OK",4096,16777216,20,12.362,13.1755,13.0344,12.588,13.1215,13.0904,18.5993,8.70233
26,"n23g0012.hpc.itc.rwth-aachen.de",26,"26",0,0000:1b:00.0,"OK",4096,16777216,20,11.37,11.7295,11.8028,11.513,11.8675,12.2838,12.6797,11.4691
26,"n23g0012.hpc.itc.rwth-aachen.de",26,"26",1,0000:2c:00.0,"OK",4096,16777216,20,11.182,11.8815,11.7965,11.343,11.9195,11.941,19.203,16.5808
26,"n23g0012.hpc.itc.rwth-aachen.de",26,"26",2,0000:9d:00.0,"OK",4096,16777216,20,12.358,12.918,13.3605,12.33,12.8325,12.8562,19.0217,8.86291
26,"n23g0012.hpc.itc.rwth-aachen.de",26,"26",3,0000:ad:00.0,"OK",4096,16777216,20,12.532,13.1015,13.1563,12.744,13.186,13.172,18.9914,8.67567
27,"n23g0012.hpc.itc.rwth-aachen.de",27,"27",0,0000:1b:00.0,"OK",4096,16777216,20,10.858,11.5885,11.6385,11.52,11.7625,12.1785,12.7394,11.4965
27,"n23g0012.hpc.itc.rwth-aachen.de",27,"27",1,0000:2c:00.0,"OK",4096,16777216,20,11.307,11.6425,11.7218,11.495,11.9425,11.9406,19.154,16.346
27,"n23g0012.hpc.itc.rwth-aachen.de",27,"27",2,0000:9d:00.0,"OK",4096,16777216,20,12.366,12.7515,12.8153,12.555,12.858,13.6709,18.759,8.90722
27,"n23g0012.hpc.itc.rwth-aachen.de",27,"27",3,0000:ad:00.0,"OK",4096,16777216,20,12.608,13.075,13.9485,12.804,13.2355,13.2491,18.7924,8.71382
28,"n23g0012.hpc.itc.rwth-aachen.de",28,"28",0,0000:1b:00.0,"OK",4096,16777216,20,11.088,11.584,11.6625,10.981,11.7015,11.6655,12.7325,11.4717
28,"n23g0012.hpc.itc.rwth-aachen.de",28,"28",1,0000:2c:00.0,"OK",4096,16777216,20,10.883,11.5415,11.4644,11.057,11.6215,11.599,19.1606,16.4724
28,"n23g0012.hpc.itc.rwth-aachen.de",28,"28",2,0000:9d:00.0,"OK",4096,16777216,20,12.11,12.62,13.0528,12.359,12.6425,12.6985,18.8854,8.73239
28,"n23g0012.hpc.itc.rwth-aachen.de",28,"28",3,0000:ad:00.0,"OK",4096,16777216,20,12.071,12.7115,13.5481,12.415,12.9535,12.9882,18.7373,8.77556
29,"n23g0012.hpc.itc.rwth-aachen.de",29,"29",0,0000:1b:00.0,"OK",4096,16777216,20,10.926,11.531,11.5683,11.246,11.6645,13.0495,12.73,11.4417
29,"n23g0012.hpc.itc.rwth-aachen.de",29,"29",1,0000:2c:00.0,"OK",4096,16777216,20,10.833,11.3915,11.4252,10.99,11.5685,11.5231,19.156,16.8056
29,"n23g0012.hpc.itc.rwth-aachen.de",29,"29",2,0000:9d:00.0,"OK",4096,16777216,20,12.062,12.7325,12.7391,12.58,12.926,12.9322,18.9471,9.61601
29,"n23g0012.hpc.itc.rwth-aachen.de",29,"29",3,0000:ad:00.0,"OK",4096,16777216,20,12.304,12.6215,12.7004,12.612,13.0645,14.2362,19.0246,8.68999
30,"n23g0012.hpc.itc.rwth-aachen.de",30,"30",0,0000:1b:00.0,"OK",4096,16777216,20,10.959,11.505,11.5307,11.29,11.7745,11.7556,12.734,11.395
30,"n23g0012.hpc.itc.rwth-aachen.de",30,"30",1,0000:2c:00.0,"OK",4096,16777216,20,11.029,11.6325,11.6849,11.124,11.7915,11.7264,19.1625,16.5688
30,"n23g0012.hpc.itc.rwth-aachen.de",30,"30",2,0000:9d:00.0,"OK",4096,16777216,20,12.108,12.5845,12.6242,12.536,12.852,12.8852,18.925,8.70881
30,"n23g0012.hpc.itc.rwth-aachen.de",30,"30",3,0000:ad:00.0,"OK",4096,16777216,20,12.278,12.9895,12.9755,12.525,13.1305,14.7966,18.8775,9.13935
31,"n23g0012.hpc.itc.rwth-aachen.de",31,"31",0,0000:1b:00.0,"OK",4096,16777216,20,11.257,11.512,11.5679,11.059,11.6095,11.6107,12.7311,11.4058
31,"n23g0012.hpc.itc.rwth-aachen.de",31,"31",1,0000:2c:00.0,"OK",4096,16777216,20,10.803,11.6555,11.5806,11.212,11.634,11.636,19.206,16.9707
31,"n23g0012.hpc.itc.rwth-aachen.de",31,"31",2,0000:9d:00.0,"OK",4096,16777216,20,12.048,12.341,13.3296,12.293,12.7305,12.7138,18.6964,8.91727
31,"n23g0012.hpc.itc.rwth-aachen.de",31,"31",3,0000:ad:00.0,"OK",4096,16777216,20,12.4,12.893,12.9851,12.57,13.007,12.9884,18.6659,8.66788
32,"n23g0012.hpc.itc.rwth-aachen.de",32,"32",0,0000:1b:00.0,"OK",4096,16777216,20,11.226,11.6585,11.6251,11.433,11.7725,12.2051,12.7361,11.4136
32,"n23g0012.hpc.itc.rwth-aachen.de",32,"32",1,0000:2c:00.0,"OK",4096,16777216,20,10.916,11.6095,11.5955,11.55,11.8595,12.5886,19.1803,16.6378
32,"n23g0012.hpc.itc.rwth-aachen.de",32,"32",2,0000:9d:00.0,"OK",4096,16777216,20,12.208,12.7725,12.7069,12.38,12.8835,12.8808,19.0136,8.86397
32,"n23g0012.hpc.itc.rwth-aachen.de",32,"32",3,0000:ad:00.0,"OK",4096,16777216,20,12.595,13.024,13.0852,12.652,13.0755,13.4435,18.8637,8.67127
33,"n23g0012.hpc.itc.rwth-aachen.de",33,"33",0,0000:1b:00.0,"OK",4096,16777216,20,10.898,11.6105,11.5804,11.273,11.7235,12.4816,12.7318,11.4344
33,"n23g0012.hpc.itc.rwth-aachen.de",33,"33",1,0000:2c:00.0,"OK",4096,16777216,20,10.972,11.3895,11.5122,11.206,11.7535,12.3109,19.167,16.3383
33,"n23g0012.hpc.itc.rwth-aachen.de",33,"33",2,0000:9d:00.0,"OK",4096,16777216,20,12.036,12.6535,12.6308,12.455,13.0355,13.8432,18.7032,8.65517
33,"n23g0012.hpc.itc.rwth-aachen.de",33,"33",3,0000:ad:00.0,"OK",4096,16777216,20,12.449,12.864,13.3146,12.51,12.8545,13.6338,18.8479,9.70476
34,"n23g0012.hpc.itc.rwth-aachen.de",34,"34",0,0000:1b:00.0,"OK",4096,16777216,20,11.24,11.677,11.6612,11.448,11.705,11.7731,12.7422,11.4157
34,"n23g0012.hpc.itc.rwth-aachen.de",34,"34",1,0000:2c:00.0,"OK",4096,16777216,20,10.984,11.677,11.7102,11.277,11.759,11.7425,19.2081,16.8559
34,"n23g0012.hpc.itc.rwth-aachen.de",34,"34",2,0000:9d:00.0,"OK",4096,16777216,20,12.139,12.662,12.6239,12.368,12.764,12.7713,19.1185,8.69773
34,"n23g0012.hpc.itc.rwth-aachen.de",34,"34",3,0000:ad:00.0,"OK",4096,16777216,20,12.333,12.7485,12.7979,12.799,13.108,14.0156,19.0501,9.07643
35,"n23g0012.hpc.itc.rwth-aachen.de",35,"35",0,0000:1b:00.0,"OK",4096,16777216,20,11.278,11.6615,11.6914,11.378,11.8355,11.8112,12.733,11.4453
35,"n23g0012.hpc.itc.rwth-aachen.de",35,"35",1,0000:2c:00.0,"OK",4096,16777216,20,11.335,11.701,11.7286,11.503,11.866,11.9009,19.1473,16.3794
35,"n23g0012.hpc.itc.rwth-aachen.de",35,"35",2,0000:9d:00.0,"OK",4096,16777216,20,12.238,12.751,12.8187,12.263,12.795,13.4137,18.8913,8.64526
35,"n23g0012.hpc.itc.rwth-aachen.de",35,"35",3,0000:ad:00.0,"OK",4096,16777216,20,12.343,13.065,13.0511,12.702,13.061,13.5308,19.0655,8.70745
36,"n23g0012.hpc.itc.rwth-aachen.de",36,"36",0,0000:1b:00.0,"OK",4096,16777216,20,11.251,11.8465,11.7387,11.366,11.785,11.7609,10.7644,13.7395
36,"n23g0012.hpc.itc.rwth-aachen.de",36,"36",1,0000:2c:00.0,"OK",4096,16777216,20,10.956,11.67,12.0838,11.19,11.6655,11.6605,15.0694,15.2777
36,"n23g0012.hpc.itc.rwth-aachen.de",36,"36",2,0000:9d:00.0,"OK",4096,16777216,20,12.07,12.8385,13.3293,12.31,12.775,12.809,19.0742,9.38603
36,"n23g0012.hpc.itc.rwth-aachen.de",36,"36",3,0000:ad:00.0,"OK",4096,16777216,20,12.534,12.928,13.0241,12.305,12.8355,12.8324,19.1259,8.84983
37,"n23g0012.hpc.itc.rwth-aachen.de",37,"37",0,0000:1b:00.0,"OK",4096,16777216,20,11.218,11.6935,11.6934,11.11,11.643,11.6443,10.7933,13.7613
37,"n23g0012.hpc.itc.rwth-aachen.de",37,"37",1,0000:2c:00.0,"OK",4096,16777216,20,10.961,11.754,11.7375,11.402,11.7855,11.7826,15.1035,15.0184
37,"n23g0012.hpc.itc.rwth-aachen.de",37,"37",2,0000:9d:00.0,"OK",4096,16777216,20,12.183,12.676,12.717,12.413,12.946,13.7656,19.2918,9.49502
37,"n23g0012.hpc.itc.rwth-aachen.de",37,"37",3,0000:ad:00.0,"OK",4096,16777216,20,12.468,12.96,13.021,12.446,13.0585,13.0697,19.2305,9.08944
38,"n23g0012.hpc.itc.rwth-aachen.de",38,"38",0,0000:1b:00.0,"OK",4096,16777216,20,11.13,11.7255,11.7605,11.267,11.834,11.7626,10.7966,13.7623
38,"n23g0012.hpc.itc.rwth-aachen.de",38,"38",1,0000:2c:00.0,"OK",4096,16777216,20,11.257,11.909,11.8518,11.389,11.8415,12.3212,15.098,14.7844
38,"n23g0012.hpc.itc.rwth-aachen.de",38,"38",2,0000:9d:00.0,"OK",4096,16777216,20,12.182,12.786,12.8363,12.092,12.6765,13.4322,19.1944,8.63706
38,"n23g0012.hpc.itc.rwth-aachen.de",38,"38",3,0000:ad:00.0,"OK",4096,16777216,20,12.734,13.176,13.8866,12.574,12.929,12.9122,18.9933,9.37657
39,"n23g0012.hpc.itc.rwth-aachen.de",39,"39",0,0000:1b:00.0,"OK",4096,16777216,20,11.162,11.737,12.2439,11.207,11.553,11.5579,10.7875,13.7555
39,"n23g0012.hpc.itc.rwth-aachen.de",39,"39",1,0000:2c:00.0,"OK",4096,16777216,20,11.026,11.673,11.6114,11.176,11.713,11.6828,15.1057,14.7866
39,"n23g0012.hpc.itc.rwth-aachen.de",39,"39",2,0000:9d:00.0,"OK",4096,16777216,20,12.126,12.828,12.7698,12.429,12.8425,12.8356,18.8397,8.81599
39,"n23g0012.hpc.itc.rwth-aachen.de",39,"39",3,0000:ad:00.0,"OK",4096,16777216,20,11.993,12.808,12.7376,12.499,12.8455,13.3712,18.6607,8.74945
40,"n23g0012.hpc.itc.rwth-aachen.de",40,"40",0,0000:1b:00.0,"OK",4096,16777216,20,11.382,11.8935,12.2816,11.314,11.722,11.7464,10.7814,13.7585
40,"n23g0012.hpc.itc.rwth-aachen.de",40,"40",1,0000:2c:00.0,"OK",4096,16777216,20,11.599,11.875,12.7469,11.293,11.8135,11.8399,15.1257,14.8183
40,"n23g0012.hpc.itc.rwth-aachen.de",40,"40",2,0000:9d:00.0,"OK",4096,16777216,20,12.28,12.941,12.9776,12.325,12.825,12.85,19.0035,9.29671
40,"n23g0012.hpc.itc.rwth-aachen.de",40,"40",3,0000:ad:00.0,"OK",4096,16777216,20,12.807,13.025,13.0778,12.596,13.157,13.2727,18.8053,9.52147
41,"n23g0012.hpc.itc.rwth-aachen.de",41,"41",0,0000:1b:00.0,"OK",4096,16777216,20,11.367,11.706,11.7979,11.184,11.7845,11.7523,10.7841,13.794
41,"n23g0012.hpc.itc.rwth-aachen.de",41,"41",1,0000:2c:00.0,"OK",4096,16777216,20,11.195,11.9195,11.8615,11.306,11.801,12.9055,15.1031,14.7574
41,"n23g0012.hpc.itc.rwth-aachen.de",41,"41",2,0000:9d:00.0,"OK",4096,16777216,20,12.349,12.919,12.9283,12.667,13.113,13.2565,18.9807,9.48459
41,"n23g0012.hpc.itc.rwth-aachen.de",41,"41",3,0000:ad:00.0,"OK",4096,16777216,20,12.526,13.0665,13.7995,12.679,13.1485,13.0905,18.8423,8.96538
42,"n23g0012.hpc.itc.rwth-aachen.de",42,"42",0,0000:1b:00.0,"OK",4096,16777216,20,11.371,11.8,11.8249,11.201,11.6395,11.6286,10.7987,13.7364
42,"n23g0012.hpc.itc.rwth-aachen.de",42,"42",1,0000:2c:00.0,"OK",4096,16777216,20,11.215,11.7015,11.7342,11.112,11.7195,11.6298,15.1033,14.7781
42,"n23g0012.hpc.itc.rwth-aachen.de",42,"42",2,0000:9d:00.0,"OK",4096,16777216,20,12.173,12.87,12.8773,12.446,12.837,13.1218,18.7392,9.47584
42,"n23g0012.hpc.itc.rwth-aachen.de",42,"42",3,0000:ad:00.0,"OK",4096,16777216,20,12.333,12.882,12.8523,12.574,13.129,13.6625,18.6171,9.14839
43,"n23g0012.hpc.itc.rwth-aachen.de",43,"43",0,0000:1b:00.0,"OK",4096,16777216,20,11.201,11.753,11.7767,11.191,11.7695,11.9894,10.7886,13.7674
43,"n23g0012.hpc.itc.rwth-aachen.de",43,"43",1,0000:2c:00.0,"OK",4096,16777216,20,11.339,11.863,11.7949,11.253,11.7925,11.7449,15.1041,14.8617
43,"n23g0012.hpc.itc.rwth-aachen.de",43,"43",2,0000:9d:00.0,"OK",4096,16777216,20,12.106,12.8105,13.3159,12.236,12.81,13.5122,19.1431,9.38016
43,"n23g0012.hpc.itc.rwth-aachen.de",43,"43",3,0000:ad:00.0,"OK",4096,16777216,20,12.401,12.951,12.9539,12.527,13.088,13.9408,18.8742,9.17834
44,"n23g0012.hpc.itc.rwth-aachen.de",44,"44",0,0000:1b:00.0,"OK",4096,16777216,20,11.398,11.865,11.8468,11.041,11.7145,11.6877,10.7865,13.7671
44,"n23g0012.hpc.itc.rwth-aachen.de",44,"44",1,0000:2c:00.0,"OK",4096,16777216,20,11.276,11.65,11.6993,11.267,11.6495,11.6492,15.0998,15.261
44,"n23g0012.hpc.itc.rwth-aachen.de",44,"44",2,0000:9d:00.0,"OK",4096,16777216,20,12.261,12.9435,14.7605,12.292,12.8115,12.8444,18.9974,9.42931
44,"n23g0012.hpc.itc.rwth-aachen.de",44,"44",3,0000:ad:00.0,"OK",4096,16777216,20,12.682,13.1285,13.1607,12.306,12.9305,12.8958,18.646,9.10426
45,"n23g0012.hpc.itc.rwth-aachen.de",45,"45",0,0000:1b:00.0,"OK",4096,16777216,20,11.067,11.7875,11.8406,11.46,11.6815,12.6534,10.7851,13.7513
45,"n23g0012.hpc.itc.rwth-aachen.de",45,"45",1,0000:2c:00.0,"OK",4096,16777216,20,11.158,11.7445,12.3954,11.088,11.573,11.627,15.1151,14.901
45,"n23g0012.hpc.itc.rwth-aachen.de",45,"45",2,0000:9d:00.0,"OK",4096,16777216,20,12.079,12.8005,12.7757,12.314,12.7455,12.8857,18.8053,9.58021
45,"n23g0012.hpc.itc.rwth-aachen.de",45,"45",3,0000:ad:00.0,"OK",4096,16777216,20,12.563,12.835,12.9259,12.563,12.9685,12.9479,19.0008,9.42729
46,"n23g0012.hpc.itc.rwth-aachen.de",46,"46",0,0000:1b:00.0,"OK",4096,16777216,20,11.373,11.86,11.875,11.212,11.7185,11.6855,10.7874,13.7656
46,"n23g0012.hpc.itc.rwth-aachen.de",46,"46",1,0000:2c:00.0,"OK",4096,16777216,20,11.082,11.786,11.7264,11.248,11.7345,11.7402,15.1123,16.0758
46,"n23g0012.hpc.itc.rwth-aachen.de",46,"46",2,0000:9d:00.0,"OK",4096,16777216,20,12.461,13.072,13.0568,12.157,12.628,12.6571,19.0219,9.55322
46,"n23g0012.hpc.itc.rwth-aachen.de",46,"46",3,0000:ad:00.0,"OK",4096,16777216,20,12.691,13.0455,13.7864,12.509,12.882,12.9501,19.0023,9.32814
47,"n23g0012.hpc.itc.rwth-aachen.de",47,"47",0,0000:1b:00.0,"OK",4096,16777216,20,11.28,11.969,11.9197,11.173,11.7905,12.2697,10.7873,13.7674
47,"n23g0012.hpc.itc.rwth-aachen.de",47,"47",1,0000:2c:00.0,"OK",4096,16777216,20,11.126,11.644,11.6432,11.235,11.6975,12.1531,15.1108,14.7182
47,"n23g0012.hpc.itc.rwth-aachen.de",47,"47",2,0000:9d:00.0,"OK",4096,16777216,20,12.137,12.721,12.7328,12.456,12.9815,12.9705,19.0028,9.38652
47,"n23g0012.hpc.itc.rwth-aachen.de",47,"47",3,0000:ad:00.0,"OK",4096,16777216,20,12.579,13.087,13.3503,12.535,13.1635,13.1752,18.6446,9.54973
48,"n23g0012.hpc.itc.rwth-aachen.de",48,"48",0,0000:1b:00.0,"OK",4096,16777216,20,11.731,12.151,12.2093,12.388,12.9145,12.905,19.316,9.52451
48,"n23g0012.hpc.itc.rwth-aachen.de",48,"48",1,0000:2c:00.0,"OK",4096,16777216,20,11.806,12.5185,13.4298,12.185,12.817,13.753,18.9853,9.18064
48,"n23g0012.hpc.itc.rwth-aachen.de",48,"48",2,0000:9d:00.0,"OK",4096,16777216,20,10.56,11.212,12.0571,10.45,11.337,12.9163,18.6017,15.9146
48,"n23g0012.hpc.itc.rwth-aachen.de",48,"48",3,0000:ad:00.0,"OK",4096,16777216,20,11.253,11.6595,11.7681,11.12,11.4735,11.9989,12.5403,11.6814
49,"n23g0012.hpc.itc.rwth-aachen.de",49,"49",0,0000:1b:00.0,"OK",4096,16777216,20,11.911,12.5735,12.4842,12.147,12.6655,12.8608,18.9984,9.29486
49,"n23g0012.hpc.itc.rwth-aachen.de",49,"49",1,0000:2c:00.0,"OK",4096,16777216,20,12.228,12.685,12.7667,12.392,12.953,12.9834,19.1377,9.2459
49,"n23g0012.hpc.itc.rwth-aachen.de",49,"49",2,0000:9d:00.0,"OK",4096,16777216,20,10.841,11.163,11.195,10.891,11.3775,11.4158,18.5925,15.6836
49,"n23g0012.hpc.itc.rwth-aachen.de",49,"49",3,0000:ad:00.0,"OK",4096,16777216,20,11.084,11.5895,11.6477,11.216,11.7685,11.7649,12.4744,11.6943
50,"n23g0012.hpc.itc.rwth-aachen.de",50,"50",0,0000:1b:00.0,"OK",4096,16777216,20,12.022,12.6135,12.6293,12.453,12.8855,13.4909,19.0782,9.29863
50,"n23g0012.hpc.itc.rwth-aachen.de",50,"50",1,0000:2c:00.0,"OK",4096,16777216,20,12.276,12.948,13.4967,12.463,12.9445,12.9404,18.8887,9.27997
50,"n23g0012.hpc.itc.rwth-aachen.de",50,"50",2,0000:9d:00.0,"OK",4096,16777216,20,10.689,11.2835,11.3404,10.923,11.4185,11.3726,18.607,15.8601
50,"n23g0012.hpc.itc.rwth-aachen.de",50,"50",3,0000:ad:00.0,"OK",4096,16777216,20,11.13,11.708,11.7684,11.327,11.836,12.2311,12.5469,11.7128
51,"n23g0012.hpc.itc.rwth-aachen.de",51,"51",0,0000:1b:00.0,"OK",4096,16777216,20,12.153,12.5795,12.6058,12.316,12.8015,12.774,18.6081,8.68173
51,"n23g0012.hpc.itc.rwth-aachen.de",51,"51",1,0000:2c:00.0,"OK",4096,16777216,20,12.276,12.68,13.0376,12.424,13.0055,12.9618,19.0169,9.67483
51,"n23g0012.hpc.itc.rwth-aachen.de",51,"51",2,0000:9d:00.0,"OK",4096,16777216,20,10.696,11.1115,11.2261,10.975,11.39,11.3723,18.6337,15.9797
51,"n23g0012.hpc.itc.rwth-aachen.de",51,"51",3,0000:ad:00.0,"OK",4096,16777216,20,11.289,11.7185,11.744,11.408,11.85,12.7561,12.5589,11.4865
52,"n23g0012.hpc.itc.rwth-aachen.de",52,"52",0,0000:1b:00.0,"OK",4096,16777216,20,12.265,12.474,12.8226,12.321,12.8885,12.9113,18.6236,9.57862
52,"n23g0012.hpc.itc.rwth-aachen.de",52,"52",1,0000:2c:00.0,"OK",4096,16777216,20,12.119,12.8545,13.2542,12.701,13.063,13.1029,18.6032,9.64105
52,"n23g0012.hpc.itc.rwth-aachen.de",52,"52",2,0000:9d:00.0,"OK",4096,16777216,20,10.574,11.246,11.2346,11.135,11.431,11.8627,18.6244,15.9051
52,"n23g0012.hpc.itc.rwth-aachen.de",52,"52",3,0000:ad:00.0,"OK",4096,16777216,20,11.047,11.6085,12.5072,11.185,11.741,11.8178,12.5367,11.7178
53,"n23g0012.hpc.itc.rwth-aachen.de",53,"53",0,0000:1b:00.0,"OK",4096,16777216,20,12.151,12.5465,12.5778,12.374,12.8195,13.2344,18.7212,9.63418
53,"n23g0012.hpc.itc.rwth-aachen.de",53,"53",1,0000:2c:00.0,"OK",4096,16777216,20,12.007,12.715,12.6977,12.44,12.8975,12.8988,18.5002,9.59221
53,"n23g0012.hpc.itc.rwth-aachen.de",53,"53",2,0000:9d:00.0,"OK",4096,16777216,20,10.681,11.3965,11.7625,11.167,11.507,11.5257,18.6191,15.978
53,"n23g0012.hpc.itc.rwth-aachen.de",53,"53",3,0000:ad:00.0,"OK",4096,16777216,20,11.456,11.828,11.8688,11.157,11.932,12.8039,12.5533,11.6453
54,"n23g0012.hpc.itc.rwth-aachen.de",54,"54",0,0000:1b:00.0,"OK",4096,16777216,20,12.292,12.697,12.7051,12.44,12.949,12.9312,18.6832,8.88698
54,"n23g0012.hpc.itc.rwth-aachen.de",54,"54",1,0000:2c:00.0,"OK",4096,16777216,20,12.398,12.871,12.9434,12.537,13.0925,13.0873,18.5345,9.5883
54,"n23g0012.hpc.itc.rwth-aachen.de",54,"54",2,0000:9d:00.0,"OK",4096,16777216,20,10.795,11.459,11.4327,10.994,11.417,11.4185,18.6519,16.0365
54,"n23g0012.hpc.itc.rwth-aachen.de",54,"54",3,0000:ad:00.0,"OK",4096,16777216,20,11.36,11.651,12.2567,11.21,11.7125,12.4596,12.5625,11.6665
55,"n23g0012.hpc.itc.rwth-aachen.de",55,"55",0,0000:1b:00.0,"OK",4096,16777216,20,12.258,12.707,13.0866,12.255,12.831,12.7607,18.7078,9.58962
55,"n23g0012.hpc.itc.rwth-aachen.de",55,"55",1,0000:2c:00.0,"OK",4096,16777216,20,12.18,12.7275,12.6991,12.742,13.0935,13.1355,18.6068,9.38858
55,"n23g0012.hpc.itc.rwth-aachen.de",55,"55",2,0000:9d:00.0,"OK",4096,16777216,20,10.871,11.3825,11.3487,11.121,11.388,11.4292,18.6223,15.9826
55,"n23g0012.hpc.itc.rwth-aachen.de",55,"55",3,0000:ad:00.0,"OK",4096,16777216,20,11.173,11.71,11.7134,11.38,11.7675,11.763,12.537,11.6491
56,"n23g0012.hpc.itc.rwth-aachen.de",56,"56",0,0000:1b:00.0,"OK",4096,16777216,20,12.085,12.646,13.7937,12.199,12.7265,12.7854,18.7046,9.27324
56,"n23g0012.hpc.itc.rwth-aachen.de",56,"56",1,0000:2c:00.0,"OK",4096,16777216,20,11.982,12.5065,12.4352,12.314,12.83,13.3231,18.6195,9.69391
56,"n23g0012.hpc.itc.rwth-aachen.de",56,"56",2,0000:9d:00.0,"OK",4096,16777216,20,10.493,11.1025,11.1745,10.959,11.252,11.6274,18.6488,15.9374
56,"n23g0012.hpc.itc.rwth-aachen.de",56,"56",3,0000:ad:00.0,"OK",4096,16777216,20,11.13,11.69,11.6707,11.464,11.763,11.7975,12.5592,11.6636
57,"n23g0012.hpc.itc.rwth-aachen.de",57,"57",0,0000:1b:00.0,"OK",4096,16777216,20,12.172,12.51,12.5699,12.057,12.6625,12.6558,18.7098,8.69586
57,"n23g0012.hpc.itc.rwth-aachen.de",57,"57",1,0000:2c:00.0,"OK",4096,16777216,20,12.332,12.7215,12.7676,12.426,12.773,13.4664,18.7438,9.60419
57,"n23g0012.hpc.itc.rwth-aachen.de",57,"57",2,0000:9d:00.0,"OK",4096,16777216,20,10.603,11.1695,11.2237,10.739,11.2035,11.2414,18.6112,16.0506
57,"n23g0012.hpc.itc.rwth-aachen.de",57,"57",3,0000:ad:00.0,"OK",4096,16777216,20,11.238,11.715,11.7564,11.081,11.6525,11.6403,12.5606,11.7309
58,"n23g0012.hpc.itc.rwth-aachen.de",58,"58",0,0000:1b:00.0,"OK",4096,16777216,20,11.931,12.6515,12.6727,12.095,12.5845,12.5852,18.7257,8.89057
58,"n23g0012.hpc.itc.rwth-aachen.de",58,"58",1,0000:2c:00.0,"OK",4096,16777216,20,12.318,12.73,14.3211,12.315,12.8825,12.8572,18.5081,8.71593
58,"n23g0012.hpc.itc.rwth-aachen.de",58,"58",2,0000:9d:00.0,"OK",4096,16777216,20,10.735,11.1925,11.1946,10.732,11.353,11.3716,18.6242,16.0245
58,"n23g0012.hpc.itc.rwth-aachen.de",58,"58",3,0000:ad:00.0,"OK",4096,16777216,20,11.058,11.405,11.3996,11.576,11.7345,11.7902,12.5325,11.6698
59,"n23g0012.hpc.itc.rwth-aachen.de",59,"59",0,0000:1b:00.0,"OK",4096,16777216,20,11.703,12.4565,12.4904,12.299,12.799,12.7919,18.6823,8.73219
59,"n23g0012.hpc.itc.rwth-aachen.de",59,"59",1,0000:2c:00.0,"OK",4096,16777216,20,12.218,12.6845,12.7166,12.308,12.748,12.7845,18.7431,8.93561
59,"n23g0012.hpc.itc.rwth-aachen.de",59,"59",2,0000:9d:00.0,"OK",4096,16777216,20,10.636,11.5185,11.4933,11.038,11.4205,11.929,18.6492,16.0073
59,"n23g0012.hpc.itc.rwth-aachen.de",59,"59",3,0000:ad:00.0,"OK",4096,16777216,20,11.124,11.798,11.7939,11.092,11.748,11.7068,12.5404,11.7338
60,"n23g0012.hpc.itc.rwth-aachen.de",60,"60",0,0000:1b:00.0,"OK",4096,16777216,20,12.367,12.7975,12.825,12.098,12.781,12.7894,19.1807,9.40553
60,"n23g0012.hpc.itc.rwth-aachen.de",60,"60",1,0000:2c:00.0,"OK",4096,16777216,20,12.45,12.85,13.4306,12.52,13.037,12.9836,19.0377,9.89274
60,"n23g0012.hpc.itc.rwth-aachen.de",60,"60",2,0000:9d:00.0,"OK",4096,16777216,20,10.662,11.473,11.4374,10.904,11.336,12.0165,14.6746,15.6631
60,"n23g0012.hpc.itc.rwth-aachen.de",60,"60",3,0000:ad:00.0,"OK",4096,16777216,20,11.309,11.861,12.3074,11.07,11.661,11.6338,10.2927,13.6554
61,"n23g0012.hpc.itc.rwth-aachen.de",61,"61",0,0000:1b:00.0,"OK",4096,16777216,20,12.16,12.736,13.3361,12.527,12.9355,12.9054,19.0478,9.31392
61,"n23g0012.hpc.itc.rwth-aachen.de",61,"61",1,0000:2c:00.0,"OK",4096,16777216,20,12.345,12.8745,12.8696,12.41,12.9205,12.9026,18.9841,9.7645
61,"n23g0012.hpc.itc.rwth-aachen.de",61,"61",2,0000:9d:00.0,"OK",4096,16777216,20,11.092,11.608,11.5688,10.644,11.1935,11.6734,14.7323,15.474
61,"n23g0012.hpc.itc.rwth-aachen.de",61,"61",3,0000:ad:00.0,"OK",4096,16777216,20,11.377,11.9955,11.9775,10.898,11.607,11.5691,10.2276,13.6042
62,"n23g0012.hpc.itc.rwth-aachen.de",62,"62",0,0000:1b:00.0,"OK",4096,16777216,20,12.002,12.569,12.5283,12.59,12.9005,12.9532,18.6534,9.84179
62,"n23g0012.hpc.itc.rwth-aachen.de",62,"62",1,0000:2c:00.0,"OK",4096,16777216,20,12.044,12.6775,12.7859,12.148,12.999,13.1933,18.7645,9.99626
62,"n23g0012.hpc.itc.rwth-aachen.de",62,"62",2,0000:9d:00.0,"OK",4096,16777216,20,10.96,11.4935,11.9454,10.89,11.4005,11.3892,14.7419,15.7158
62,"n23g0012.hpc.itc.rwth-aachen.de",62,"62",3,0000:ad:00.0,"OK",4096,16777216,20,11.331,11.857,11.8521,11.202,11.7105,11.6819,10.2389,13.6686
63,"n23g0012.hpc.itc.rwth-aachen.de",63,"63",0,0000:1b:00.0,"OK",4096,16777216,20,11.925,12.4795,12.934,12.459,12.9545,12.9385,18.8757,9.51629
63,"n23g0012.hpc.itc.rwth-aachen.de",63,"63",1,0000:2c:00.0,"OK",4096,16777216,20,12.295,12.871,12.9771,12.411,12.953,12.9264,18.3604,9.91133
63,"n23g0012.hpc.itc.rwth-aachen.de",63,"63",2,0000:9d:00.0,"OK",4096,16777216,20,11.045,11.5395,12.0636,11.111,11.4615,11.8602,14.7052,15.7711
63,"n23g0012.hpc.itc.rwth-aachen.de",63,"63",3,0000:ad:00.0,"OK",4096,16777216,20,11.148,11.772,11.7249,10.865,11.6115,12.228,10.2441,13.6402
64,"n23g0012.hpc.itc.rwth-aachen.de",64,"64",0,0000:1b:00.0,"OK",4096,16777216,20,12.05,12.5915,12.5691,12.161,12.719,12.8789,18.8569,9.39932
64,"n23g0012.hpc.itc.rwth-aachen.de",64,"64",1,0000:2c:00.0,"OK",4096,16777216,20,12.252,12.81,12.8203,12.448,12.867,13.3154,18.7304,9.37526
64,"n23g0012.hpc.itc.rwth-aachen.de",64,"64",2,0000:9d:00.0,"OK",4096,16777216,20,10.891,11.468,11.4917,10.872,11.2525,11.7733,14.7359,15.6868
64,"n23g0012.hpc.itc.rwth-aachen.de",64,"64",3,0000:ad:00.0,"OK",4096,16777216,20,11.074,11.777,11.763,11.125,11.7355,11.7164,10.2705,13.6743
65,"n23g0012.hpc.itc.rwth-aachen.de",65,"65",0,0000:1b:00.0,"OK",4096,16777216,20,12.124,12.446,12.8656,12.312,12.7145,12.7696,18.8222,10.007
65,"n23g0012.hpc.itc.rwth-aachen.de",65,"65",1,0000:2c:00.0,"OK",4096,16777216,20,12.472,12.868,12.9118,12.239,12.8305,12.806,18.8676,9.24374
65,"n23g0012.hpc.itc.rwth-aachen.de",65,"65",2,0000:9d:00.0,"OK",4096,16777216,20,11.064,11.5335,11.5882,10.893,11.269,11.5689,14.7422,15.8458
65,"n23g0012.hpc.itc.rwth-aachen.de",65,"65",3,0000:ad:00.0,"OK",4096,16777216,20,11.054,11.8465,12.4264,11.076,11.6465,11.6257,10.3049,13.6671
66,"n23g0012.hpc.itc.rwth-aachen.de",66,"66",0,0000:1b:00.0,"OK",4096,16777216,20,12.322,12.6545,12.7144,12.214,12.8135,12.8098,18.7999,9.6901
66,"n23g0012.hpc.itc.rwth-aachen.de",66,"66",1,0000:2c:00.0,"OK",4096,16777216,20,12.26,12.8635,12.8393,12.145,12.788,13.164,18.7156,9.94426
66,"n23g0012.hpc.itc.rwth-aachen.de",66,"66",2,0000:9d:00.0,"OK",4096,16777216,20,10.77,11.407,11.3373,10.519,11.1425,11.4269,14.7329,15.8034
66,"n23g0012.hpc.itc.rwth-aachen.de",66,"66",3,0000:ad:00.0,"OK",4096,16777216,20,11.323,11.913,11.8891,11.171,11.5565,11.7368,10.8744,13.6891
67,"n23g0012.hpc.itc.rwth-aachen.de",67,"67",0,0000:1b:00.0,"OK",4096,16777216,20,12.167,12.8225,13.3729,12.467,12.753,12.7506,18.848,10.0188
67,"n23g0012.hpc.itc.rwth-aachen.de",67,"67",1,0000:2c:00.0,"OK",4096,16777216,20,12.34,12.9045,12.9115,12.081,12.765,12.7369,18.7431,9.26778
67,"n23g0012.hpc.itc.rwth-aachen.de",67,"67",2,0000:9d:00.0,"OK",4096,16777216,20,11.119,11.5015,12.0135,10.718,11.1465,11.1471,14.7007,15.7253
67,"n23g0012.hpc.itc.rwth-aachen.de",67,"67",3,0000:ad:00.0,"OK",4096,16777216,20,11.207,11.84,12.1783,10.97,11.4765,11.4881,10.2769,13.7014
68,"n23g0012.hpc.itc.rwth-aachen.de",68,"68",0,0000:1b:00.0,"OK",4096,16777216,20,12.186,12.6745,13.3308,12.351,12.8895,12.8618,18.8822,9.60139
68,"n23g0012.hpc.itc.rwth-aachen.de",68,"68",1,0000:2c:00.0,"OK",4096,16777216,20,12.292,12.841,13.2743,12.247,12.9145,12.8768,18.6738,9.21124
68,"n23g0012.hpc.itc.rwth-aachen.de",68,"68",2,0000:9d:00.0,"OK",4096,16777216,20,10.748,11.3845,11.9355,10.919,11.3075,11.2625,14.7,15.8519
68,"n23g0012.hpc.itc.rwth-aachen.de",68,"68",3,0000:ad:00.0,"OK",4096,16777216,20,11.314,12.002,12.0143,11.085,11.64,11.5889,10.236,13.6717
69,"n23g0012.hpc.itc.rwth-aachen.de",69,"69",0,0000:1b:00.0,"OK",4096,16777216,20,12.372,12.8605,12.9434,12.259,12.759,13.287,18.7843,9.2796
69,"n23g0012.hpc.itc.rwth-aachen.de",69,"69",1,0000:2c:00.0,"OK",4096,16777216,20,12.597,13.2405,13.1833,12.392,12.965,13.1715,18.7115,9.96977
69,"n23g0012.hpc.itc.rwth-aachen.de",69,"69",2,0000:9d:00.0,"OK",4096,16777216,20,11.086,11.5955,11.6578,10.868,11.338,11.3515,14.6948,15.7245
69,"n23g0012.hpc.itc.rwth-aachen.de",69,"69",3,0000:ad:00.0,"OK",4096,16777216,20,11.729,12.151,12.6153,11.35,11.926,11.914,10.2905,13.6369
70,"n23g0012.hpc.itc.rwth-aachen.de",70,"70",0,0000:1b:00.0,"OK",4096,16777216,20,12.313,12.713,12.6883,12.522,12.956,13.3357,18.7879,9.40997
70,"n23g0012.hpc.itc.rwth-aachen.de",70,"70",1,0000:2c:00.0,"OK",4096,16777216,20,12.273,12.8275,12.8831,12.685,13.1825,13.1821,18.9245,9.98847
70,"n23g0012.hpc.itc.rwth-aachen.de",70,"70",2,0000:9d:00.0,"OK",4096,16777216,20,11.045,11.4515,11.4392,10.815,11.467,11.4241,14.7083,15.5635
70,"n23g0012.hpc.itc.rwth-aachen.de",70,"70",3,0000:ad:00.0,"OK",4096,16777216,20,11.35,11.9295,11.9931,11.09,11.633,11.6242,10.2827,13.6512
71,"n23g0012.hpc.itc.rwth-aachen.de",71,"71",0,0000:1b:00.0,"OK",4096,16777216,20,12.166,12.7455,12.7766,12.571,12.8245,12.8066,18.7973,9.42721
71,"n23g0012.hpc.itc.rwth-aachen.de",71,"71",1,0000:2c:00.0,"OK",4096,16777216,20,12.207,12.836,12.7805,12.491,13.0635,13.0552,18.6802,9.98799
71,"n23g0012.hpc.itc.rwth-aachen.de",71,"71",2,0000:9d:00.0,"OK",4096,16777216,20,10.819,11.4695,11.5735,10.678,11.2305,11.3011,14.7133,15.8678
71,"n23g0012.hpc.itc.rwth-aachen.de",71,"71",3,0000:ad:00.0,"OK",4096,16777216,20,11.332,11.9355,13.3877,11.152,11.6235,11.6694,10.2572,13.6538
72,"n23g0012.hpc.itc.rwth-aachen.de",72,"72",0,0000:1b:00.0,"OK",4096,16777216,20,12.223,12.872,13.0048,12.499,13.0735,13.0839,18.8413,8.66457
72,"n23g0012.hpc.itc.rwth-aachen.de",72,"72",1,0000:2c:00.0,"OK",4096,16777216,20,12.288,12.944,12.9854,12.663,13.004,12.9757,19.1764,8.99517
72,"n23g0012.hpc.itc.rwth-aachen.de",72,"72",2,0000:9d:00.0,"OK",4096,16777216,20,10.863,11.472,11.4367,10.93,11.5065,11.5186,12.7016,11.7207
72,"n23g0012.hpc.itc.rwth-aachen.de",72,"72",3,0000:ad:00.0,"OK",4096,16777216,20,11.056,11.4935,11.6189,11.275,11.646,12.2188,19.0238,15.9589
73,"n23g0012.hpc.itc.rwth-aachen.de",73,"73",0,0000:1b:00.0,"OK",4096,16777216,20,12.213,12.734,13.476,12.534,12.946,13.2114,18.6743,8.79393
73,"n23g0012.hpc.itc.rwth-aachen.de",73,"73",1,0000:2c:00.0,"OK",4096,16777216,20,12.301,13.0175,12.9831,12.811,13.0295,13.9064,19.0175,9.2258
73,"n23g0012.hpc.itc.rwth-aachen.de",73,"73",2,0000:9d:00.0,"OK",4096,16777216,20,10.992,11.4955,11.5404,11.12,11.5185,11.5211,12.7325,11.724
73,"n23g0012.hpc.itc.rwth-aachen.de",73,"73",3,0000:ad:00.0,"OK",4096,16777216,20,10.92,11.5865,11.6527,11.116,11.719,11.6809,19.0552,16.2998
74,"n23g0012.hpc.itc.rwth-aachen.de",74,"74",0,0000:1b:00.0,"OK",4096,16777216,20,12.291,12.752,12.8171,12.815,13.1925,13.2302,18.7194,8.69928
74,"n23g0012.hpc.itc.rwth-aachen.de",74,"74",1,0000:2c:00.0,"OK",4096,16777216,20,12.587,12.999,13.0698,12.731,13.2415,13.2539,18.9329,8.96995
74,"n23g0012.hpc.itc.rwth-aachen.de",74,"74",2,0000:9d:00.0,"OK",4096,16777216,20,11.404,11.8065,11.7773,11.356,11.778,12.6569,12.7262,11.7061
74,"n23g0012.hpc.itc.rwth-aachen.de",74,"74",3,0000:ad:00.0,"OK",4096,16777216,20,11.036,11.669,12.322,11.304,11.7985,11.7621,19.0998,16.2142
75,"n23g0012.hpc.itc.rwth-aachen.de",75,"75",0,0000:1b:00.0,"OK",4096,16777216,20,12.018,12.675,12.674,12.42,12.8935,13.4817,18.7244,9.18255
75,"n23g0012.hpc.itc.rwth-aachen.de",75,"75",1,0000:2c:00.0,"OK",4096,16777216,20,12.139,12.865,12.821,12.595,13.048,13.2485,18.8924,8.74581
75,"n23g0012.hpc.itc.rwth-aachen.de",75,"75",2,0000:9d:00.0,"OK",4096,16777216,20,11.168,11.6165,11.5956,11.189,11.568,11.5753,12.7222,11.715
75,"n23g0012.hpc.itc.rwth-aachen.de",75,"75",3,0000:ad:00.0,"OK",4096,16777216,20,11.145,11.8205,12.3772,11.497,11.9245,11.9375,19.1019,16.2903
76,"n23g0012.hpc.itc.rwth-aachen.de",76,"76",0,0000:1b:00.0,"OK",4096,16777216,20,12.138,12.712,12.6587,12.427,13.008,13.0341,18.6537,8.83344
76,"n23g0012.hpc.itc.rwth-aachen.de",76,"76",1,0000:2c:00.0,"OK",4096,16777216,20,12.306,12.906,12.8794,12.58,13.126,13.3962,19.0096,9.2248
76,"n23g0012.hpc.itc.rwth-aachen.de",76,"76",2,0000:9d:00.0,"OK",4096,16777216,20,11.042,11.5325,11.5338,11.062,11.483,11.4815,12.7213,11.7177
76,"n23g0012.hpc.itc.rwth-aachen.de",76,"76",3,0000:ad:00.0,"OK",4096,16777216,20,10.87,11.477,11.5481,11.145,11.5725,11.5609,19.0898,16.4775
77,"n23g0012.hpc.itc.rwth-aachen.de",77,"77",0,0000:1b:00.0,"OK",4096,16777216,20,11.958,12.7055,12.688,12.404,12.935,12.9001,18.7136,9.20747
77,"n23g0012.hpc.itc.rwth-aachen.de",77,"77",1,0000:2c:00.0,"OK",4096,16777216,20,12.364,13.043,13.0584,12.714,13.1705,13.444,18.8861,8.77888
77,"n23g0012.hpc.itc.rwth-aachen.de",77,"77",2,0000:9d:00.0,"OK",4096,16777216,20,10.687,11.4985,12.1706,10.982,11.4705,11.4838,12.7268,11.7337
77,"n23g0012.hpc.itc.rwth-aachen.de",77,"77",3,0000:ad:00.0,"OK",4096,16777216,20,11.021,11.4485,11.5837,11.216,11.6445,11.6011,19.0867,16.4735
78,"n23g0012.hpc.itc.rwth-aachen.de",78,"78",0,0000:1b:00.0,"OK",4096,16777216,20,12.23,12.7185,12.7336,12.46,12.935,12.9224,18.7179,8.71261
78,"n23g0012.hpc.itc.rwth-aachen.de",78,"78",1,0000:2c:00.0,"OK",4096,16777216,20,12.095,12.8185,13.286,12.715,13.1845,13.1852,19.0045,9.31078
78,"n23g0012.hpc.itc.rwth-aachen.de",78,"78",2,0000:9d:00.0,"OK",4096,16777216,20,11.169,11.5975,11.6692,11.06,11.5695,11.5432,12.7324,11.7285
78,"n23g0012.hpc.itc.rwth-aachen.de",78,"78",3,0000:ad:00.0,"OK",4096,16777216,20,11.031,11.5635,11.8627,11.317,11.8025,11.8365,19.0646,16.2662
79,"n23g0012.hpc.itc.rwth-aachen.de",79,"79",0,0000:1b:00.0,"OK",4096,16777216,20,12.017,12.764,12.7254,12.929,13.191,13.2328,18.7037,8.88288
79,"n23g0012.hpc.itc.rwth-aachen.de",79,"79",1,0000:2c:00.0,"OK",4096,16777216,20,12.275,12.9435,12.9766,12.699,13.08,13.6411,18.7709,8.73284
79,"n23g0012.hpc.itc.rwth-aachen.de",79,"79",2,0000:9d:00.0,"OK",4096,16777216,20,11.03,11.496,11.5322,11.099,11.467,11.5247,12.7028,11.721
79,"n23g0012.hpc.itc.rwth-aachen.de",79,"79",3,0000:ad:00.0,"OK",4096,16777216,20,10.712,11.1385,11.2667,11.155,11.6305,11.6358,19.0735,16.3005
80,"n23g0012.hpc.itc.rwth-aachen.de",80,"80",0,0000:1b:00.0,"OK",4096,16777216,20,12.094,12.742,13.0137,12.698,13.0265,13.0322,18.6604,9.24564
80,"n23g0012.hpc.itc.rwth-aachen.de",80,"80",1,0000:2c:00.0,"OK",4096,16777216,20,12.434,12.98,12.9255,12.813,13.129,13.4715,18.8966,8.72774
80,"n23g0012.hpc.itc.rwth-aachen.de",80,"80",2,0000:9d:00.0,"OK",4096,16777216,20,11.12,11.5585,12.0961,11.149,11.684,11.7147,12.7362,11.6748
80,"n23g0012.hpc.itc.rwth-aachen.de",80,"80",3,0000:ad:00.0,"OK",4096,16777216,20,10.832,11.479,11.5211,11.15,11.554,11.5561,19.0349,16.5188
81,"n23g0012.hpc.itc.rwth-aachen.de",81,"81",0,0000:1b:00.0,"OK",4096,16777216,20,12.315,12.6715,12.7414,12.468,12.858,13.1858,18.7021,9.47499
81,"n23g0012.hpc.itc.rwth-aachen.de",81,"81",1,0000:2c:00.0,"OK",4096,16777216,20,12.261,12.908,12.9098,12.569,13.0765,13.4656,18.9929,9.3271
81,"n23g0012.hpc.itc.rwth-aachen.de",81,"81",2,0000:9d:00.0,"OK",4096,16777216,20,10.923,11.5315,11.5744,10.849,11.387,11.8525,12.7134,11.6932
81,"n23g0012.hpc.itc.rwth-aachen.de",81,"81",3,0000:ad:00.0,"OK",4096,16777216,20,10.911,11.4895,11.5517,11.13,11.648,11.6227,19.1031,16.7105
82,"n23g0012.hpc.itc.rwth-aachen.de",82,"82",0,0000:1b:00.0,"OK",4096,16777216,20,12.191,12.6445,12.6489,12.651,13.075,13.8333,18.6909,9.14463
82,"n23g0012.hpc.itc.rwth-aachen.de",82,"82",1,0000:2c:00.0,"OK",4096,16777216,20,12.478,13.0715,13.5529,12.676,13.186,13.7847,18.9049,9.71437
82,"n23g0012.hpc.itc.rwth-aachen.de",82,"82",2,0000:9d:00.0,"OK",4096,16777216,20,11.153,11.59,11.6096,11.019,11.5675,11.916,12.7269,11.7304
82,"n23g0012.hpc.itc.rwth-aachen.de",82,"82",3,0000:ad:00.0,"OK",4096,16777216,20,10.876,11.716,12.4383,11.08,11.813,11.7789,19.051,16.2555
83,"n23g0012.hpc.itc.rwth-aachen.de",83,"83",0,0000:1b:00.0,"OK",4096,16777216,20,12.244,12.8235,12.8521,12.708,13.142,14.5258,18.6822,8.65849
83,"n23g0012.hpc.itc.rwth-aachen.de",83,"83",1,0000:2c:00.0,"OK",4096,16777216,20,12.476,13.0295,13.0334,12.475,12.965,13.3369,18.907,9.68363
83,"n23g0012.hpc.itc.rwth-aachen.de",83,"83",2,0000:9d:00.0,"OK",4096,16777216,20,11.068,11.4755,34.8963,11.376,11.856,11.8458,12.7196,10.4917
83,"n23g0012.hpc.itc.rwth-aachen.de",83,"83",3,0000:ad:00.0,"OK",4096,16777216,20,11.287,11.838,12.0764,11.368,11.848,11.8439,19.0531,16.679
84,"n23g0012.hpc.itc.rwth-aachen.de",84,"84",0,0000:1b:00.0,"OK",4096,16777216,20,12.326,12.908,13.8155,12.423,12.877,13.1219,18.5682,9.56895
84,"n23g0012.hpc.itc.rwth-aachen.de",84,"84",1,0000:2c:00.0,"OK",4096,16777216,20,12.588,13.1175,13.0854,12.817,13.1865,13.1482,19.2914,9.46943
84,"n23g0012.hpc.itc.rwth-aachen.de",84,"84",2,0000:9d:00.0,"OK",4096,16777216,20,11.361,11.7455,11.7229,11.074,11.605,12.119,10.6443,13.5554
84,"n23g0012.hpc.itc.rwth-aachen.de",84,"84",3,0000:ad:00.0,"OK",4096,16777216,20,11.24,11.8535,12.0881,11.129,11.713,11.6581,14.0443,16.0894
85,"n23g0012.hpc.itc.rwth-aachen.de",85,"85",0,0000:1b:00.0,"OK",4096,16777216,20,12.528,12.8215,12.9083,12.435,12.898,13.1665,18.8802,9.20209
85,"n23g0012.hpc.itc.rwth-aachen.de",85,"85",1,0000:2c:00.0,"OK",4096,16777216,20,12.382,13.072,12.9969,12.649,13.158,13.1491,18.6669,9.01392
85,"n23g0012.hpc.itc.rwth-aachen.de",85,"85",2,0000:9d:00.0,"OK",4096,16777216,20,11.067,11.7455,12.6854,11.047,11.612,11.5654,10.6868,13.7081
85,"n23g0012.hpc.itc.rwth-aachen.de",85,"85",3,0000:ad:00.0,"OK",4096,16777216,20,11.351,11.805,11.8224,11.238,11.7885,11.7771,14.0273,15.4142
86,"n23g0012.hpc.itc.rwth-aachen.de",86,"86",0,0000:1b:00.0,"OK",4096,16777216,20,12.055,12.8765,13.5477,12.342,12.8785,12.8487,18.7506,9.46623
86,"n23g0012.hpc.itc.rwth-aachen.de",86,"86",1,0000:2c:00.0,"OK",4096,16777216,20,12.492,13.132,13.1702,12.704,13.0455,13.6391,18.9131,9.18623
86,"n23g0012.hpc.itc.rwth-aachen.de",86,"86",2,0000:9d:00.0,"OK",4096,16777216,20,11.281,12.0015,12.4911,11.308,11.694,11.6872,10.6964,13.7303
86,"n23g0012.hpc.itc.rwth-aachen.de",86,"86",3,0000:ad:00.0,"OK",4096,16777216,20,11.193,11.79,11.8654,11.303,11.7625,11.798,14.0115,16.089
87,"n23g0012.hpc.itc.rwth-aachen.de",87,"87",0,0000:1b:00.0,"OK",4096,16777216,20,12.478,12.873,12.8972,12.377,12.963,12.9816,18.7199,8.55682
87,"n23g0012.hpc.itc.rwth-aachen.de",87,"87",1,0000:2c:00.0,"OK",4096,16777216,20,12.108,12.7685,13.3774,12.655,13.001,12.9871,18.8695,8.60092
87,"n23g0012.hpc.itc.rwth-aachen.de",87,"87",2,0000:9d:00.0,"OK",4096,16777216,20,11.122,11.7105,11.848,11.022,11.5525,11.4956,10.6963,13.7316
87,"n23g0012.hpc.itc.rwth-aachen.de",87,"87",3,0000:ad:00.0,"OK",4096,16777216,20,10.914,11.638,11.6995,11.103,11.543,11.9804,14.0951,15.4616
88,"n23g0012.hpc.itc.rwth-aachen.de",88,"88",0,0000:1b:00.0,"OK",4096,16777216,20,12.518,13.0295,13.033,12.454,13.0325,13.0115,18.7425,8.56364
88,"n23g0012.hpc.itc.rwth-aachen.de",88,"88",1,0000:2c:00.0,"OK",4096,16777216,20,12.4,13.192,13.1392,12.565,13.002,13.0691,18.8254,8.8141
88,"n23g0012.hpc.itc.rwth-aachen.de",88,"88",2,0000:9d:00.0,"OK",4096,16777216,20,11.489,12.01,11.9698,11.161,11.689,11.6495,10.6819,13.7052
88,"n23g0012.hpc.itc.rwth-aachen.de",88,"88",3,0000:ad:00.0,"OK",4096,16777216,20,11.3,11.9245,11.9753,11.275,11.871,12.113,14.0431,16.1898
89,"n23g0012.hpc.itc.rwth-aachen.de",89,"89",0,0000:1b:00.0,"OK",4096,16777216,20,12.487,12.9405,12.932,12.849,13.1755,13.1869,18.7356,9.41321
89,"n23g0012.hpc.itc.rwth-aachen.de",89,"89",1,0000:2c:00.0,"OK",4096,16777216,20,12.449,13.2675,14.1694,12.781,13.149,13.1415,18.9619,8.60831
89,"n23g0012.hpc.itc.rwth-aachen.de",89,"89",2,0000:9d:00.0,"OK",4096,16777216,20,11.732,12.0485,12.1161,11.213,11.7455,11.989,10.6757,13.7236
89,"n23g0012.hpc.itc.rwth-aachen.de",89,"89",3,0000:ad:00.0,"OK",4096,16777216,20,11.205,11.7855,11.8625,11.334,11.876,12.2838,13.9948,15.4234
90,"n23g0012.hpc.itc.rwth-aachen.de",90,"90",0,0000:1b:00.0,"OK",4096,16777216,20,12.256,12.8445,12.8315,12.455,12.962,12.9842,18.7005,9.49292
90,"n23g0012.hpc.itc.rwth-aachen.de",90,"90",1,0000:2c:00.0,"OK",4096,16777216,20,12.092,12.6865,12.6615,12.636,13.159,13.1374,18.7313,9.52571
90,"n23g0012.hpc.itc.rwth-aachen.de",90,"90",2,0000:9d:00.0,"OK",4096,16777216,20,11.266,11.996,12.8004,11.162,11.701,11.6556,10.6688,13.7248
90,"n23g0012.hpc.itc.rwth-aachen.de",90,"90",3,0000:ad:00.0,"OK",4096,16777216,20,11.432,11.827,11.9279,11.387,11.661,11.7212,14.0714,15.2431
91,"n23g0012.hpc.itc.rwth-aachen.de",91,"91",0,0000:1b:00.0,"OK",4096,16777216,20,12.682,13.127,14.0661,12.321,12.943,12.9618,18.7112,9.56929
91,"n23g0012.hpc.itc.rwth-aachen.de",91,"91",1,0000:2c:00.0,"OK",4096,16777216,20,12.312,13.052,13.0082,12.666,13.1625,13.1556,18.7302,9.13112
91,"n23g0012.hpc.itc.rwth-aachen.de",91,"91",2,0000:9d:00.0,"OK",4096,16777216,20,11.362,11.868,11.8932,11.258,11.7015,12.0647,10.6829,13.7075
91,"n23g0012.hpc.itc.rwth-aachen.de",91,"91",3,0000:ad:00.0,"OK",4096,16777216,20,11.224,11.689,12.2106,11.207,11.669,11.6698,13.9946,16.0387
92,"n23g0012.hpc.itc.rwth-aachen.de",92,"92",0,0000:1b:00.0,"OK",4096,16777216,20,12.431,12.798,12.8347,12.738,12.9985,13.7269,18.7104,9.49483
92,"n23g0012.hpc.itc.rwth-aachen.de",92,"92",1,0000:2c:00.0,"OK",4096,16777216,20,12.503,12.91,12.9818,12.691,13.1615,13.1313,18.9483,9.51561
92,"n23g0012.hpc.itc.rwth-aachen.de",92,"92",2,0000:9d:00.0,"OK",4096,16777216,20,11.059,11.743,11.7634,11.115,11.655,11.6144,10.6827,13.7312
92,"n23g0012.hpc.itc.rwth-aachen.de",92,"92",3,0000:ad:00.0,"OK",4096,16777216,20,11.185,11.688,11.7047,11.166,11.7075,12.0464,14.0735,15.9957
93,"n23g0012.hpc.itc.rwth-aachen.de",93,"93",0,0000:1b:00.0,"OK",4096,16777216,20,12.041,12.7835,12.8361,12.695,13.074,13.0392,18.6996,9.53138
93,"n23g0012.hpc.itc.rwth-aachen.de",93,"93",1,0000:2c:00.0,"OK",4096,16777216,20,12.525,13.1205,13.1098,12.674,13.209,13.1723,18.8252,9.39805
93,"n23g0012.hpc.itc.rwth-aachen.de",93,"93",2,0000:9d:00.0,"OK",4096,16777216,20,11.161,11.902,12.324,11.139,11.561,11.5992,10.6799,13.7107
93,"n23g0012.hpc.itc.rwth-aachen.de",93,"93",3,0000:ad:00.0,"OK",4096,16777216,20,11.284,11.7775,11.7636,11.168,11.618,11.5942,14.0981,16.1117
94,"n23g0012.hpc.itc.rwth-aachen.de",94,"94",0,0000:1b:00.0,"OK",4096,16777216,20,12.089,12.8655,12.8073,12.471,13.0565,13.0326,18.7324,9.50655
94,"n23g0012.hpc.itc.rwth-aachen.de",94,"94",1,0000:2c:00.0,"OK",4096,16777216,20,12.326,12.889,12.9459,12.566,13.0925,13.1054,18.9067,9.49582
94,"n23g0012.hpc.itc.rwth-aachen.de",94,"94",2,0000:9d:00.0,"OK",4096,16777216,20,11.545,11.976,12.6631,11.212,11.606,11.6214,10.6855,13.7036
94,"n23g0012.hpc.itc.rwth-aachen.de",94,"94",3,0000:ad:00.0,"OK",4096,16777216,20,10.968,11.8805,12.343,11.154,11.6765,11.6806,13.9821,15.6091
95,"n23g0012.hpc.itc.rwth-aachen.de",95,"95",0,0000:1b:00.0,"OK",4096,16777216,20,12.398,12.817,12.8545,12.331,12.856,12.8827,18.7699,9.34195
95,"n23g0012.hpc.itc.rwth-aachen.de",95,"95",1,0000:2c:00.0,"OK",4096,16777216,20,12.463,12.9685,13.0228,12.764,13.1385,13.1523,18.9281,9.47476
95,"n23g0012.hpc.itc.rwth-aachen.de",95,"95",2,0000:9d:00.0,"OK",4096,16777216,20,11.446,11.932,11.9188,11.18,11.65,12.122,10.6823,13.7197
95,"n23g0012.hpc.itc.rwth-aachen.de",95,"95",3,0000:ad:00.0,"OK",4096,16777216,20,11.261,11.8675,11.8782,11.327,11.797,11.7559,14.0763,15.7867
