pattern,target_rank,target_host,target_cpu,target_affinity,workers_count,payload_bytes,iters,makespan_min_ms,makespan_p25_ms,makespan_median_ms,makespan_mean_ms,makespan_p75_ms,makespan_p95_ms,makespan_max_ms,ingress_bw_median_gibs,egress_bw_median_gibs,combined_bw_median_gibs,worker_lat_min_us,worker_lat_p25_us,worker_lat_median_us,worker_lat_mean_us,worker_lat_p75_us,worker_lat_p95_us,worker_lat_p99_us,worker_lat_max_us
1_incast_191to1,0,"n23m0223.hpc.itc.rwth-aachen.de",0,"0",191,4194304,20,88.1308,90.162,91.1878,92.5275,93.5544,99.9042,100.324,8.18195,0,8.18195,12346,35187.3,58615.7,60421.1,87112.8,93620.9,98322,102052
2_fanout_1to191,0,"n23m0223.hpc.itc.rwth-aachen.de",0,"0",191,4194304,20,16.4414,16.4465,16.622,17.0542,17.1353,19.4074,19.818,0,44.8861,44.8861,468.458,15778.9,16215.1,16067.4,16428,18137.3,19735.5,19815
3_full_duplex,0,"n23m0223.hpc.itc.rwth-aachen.de",0,"0",191,4194304,20,90.3445,91.844,92.6299,93.003,94.2496,95.8491,97.3206,8.05457,8.05457,16.1091,14165.6,46070.7,77479.4,66349.7,86575.6,91860.9,94553.1,97291.8
4_gather_scatter,0,"n23m0223.hpc.itc.rwth-aachen.de",0,"0",191,4194304,20,122.177,125.34,126.329,126.616,127.456,131.7,133.788,5.90596,5.90596,11.8119,101457,118561,120512,121675,125482,127804,133572,133772
5_immediate_response,0,"n23m0223.hpc.itc.rwth-aachen.de",0,"0",191,4194304,20,98.4581,116.232,131.579,126.841,135.547,141.516,141.544,5.67033,5.67033,11.3407,13471.3,57045.2,94549.6,86817.7,115940,134970,140824,141515
6_serialized_ref,0,"n23m0223.hpc.itc.rwth-aachen.de",0,"0",191,4194304,20,227.22,245.973,273.065,273.678,299.78,309.283,310.169,2.73229,2.73229,5.46459,1267.65,74635.3,164065,152499,223897,278650,298849,310150
7_credits_cap1,0,"n23m0223.hpc.itc.rwth-aachen.de",0,"0",191,4194304,20,227.676,243.68,278.143,274.18,306.187,310.306,310.993,2.68241,2.68241,5.36481,906.954,1065.48,1145.85,1428.39,1768.77,2458.44,2548.04,3522.77
7_credits_cap2,0,"n23m0223.hpc.itc.rwth-aachen.de",0,"0",191,4194304,20,227.433,248.844,269.944,274.069,295.617,305.817,327.097,2.76388,2.76388,5.52776,1268.97,2118.55,2288.62,2856.86,3613.58,4840.67,5070.82,7951.27
7_credits_cap4,0,"n23m0223.hpc.itc.rwth-aachen.de",0,"0",191,4194304,20,227.099,247.438,275.691,271.36,301.326,307.476,308.588,2.70627,2.70627,5.41253,1277.31,4201.07,4575.9,5641.52,7018.42,9734.86,10002.9,10417.3
7_credits_cap8,0,"n23m0223.hpc.itc.rwth-aachen.de",0,"0",191,4194304,20,227.262,245.34,269.964,272.832,302.65,307.124,307.964,2.76367,2.76367,5.52735,1284.03,8419.99,9004.03,11260.9,14158.7,19365.7,19897.2,20086.2
7_credits_cap16,0,"n23m0223.hpc.itc.rwth-aachen.de",0,"0",191,4194304,20,229.751,244.095,276.94,273.041,304.176,309.116,309.893,2.69406,2.69406,5.38813,1274.61,16836.1,18266.8,22189.1,27880.8,38591.1,39565.8,40259.5
7_credits_cap32,0,"n23m0223.hpc.itc.rwth-aachen.de",0,"0",191,4194304,20,222.855,244.801,269.038,273.734,304.505,310.58,328.91,2.77319,2.77319,5.54638,1314.26,33272.3,37575,43070.2,55630.9,76104,79056.2,97822.3
7_credits_cap64,0,"n23m0223.hpc.itc.rwth-aachen.de",0,"0",191,4194304,20,229.334,250.251,277.88,276.613,304.084,312.324,315.378,2.68495,2.68495,5.36989,1306.09,65198.6,80173,81442.3,105483,139416,146435,152961
8_credits_locality_1local_1remote,0,"n23m0223.hpc.itc.rwth-aachen.de",0,"0",191,4194304,20,233.633,271.166,285.823,283.275,307.404,316.809,318.774,2.61033,2.61033,5.22066,928.203,2483.37,2973.28,2925.19,3404.1,3663.12,3759.09,11613.7
9_credits_aix_ramping,0,"n23m0223.hpc.itc.rwth-aachen.de",0,"0",191,4194304,20,225.27,254.354,278.237,276.894,303.327,307.739,308.942,2.68151,2.68151,5.36301,1127.1,51159.1,118255,103265,152066,172882,177863,181940
1_incast_191to1,96,"n23m0236.hpc.itc.rwth-aachen.de",0,"0",191,4194304,20,97.0115,99.0704,100.342,101.496,100.864,110.969,122.613,7.43548,0,7.43548,13657.9,39603.5,65613.5,66955.2,95272,101471,118082,124245
2_fanout_1to191,96,"n23m0236.hpc.itc.rwth-aachen.de",0,"0",191,4194304,20,16.3843,16.4314,16.552,17.034,17.0399,19.5821,20.4401,0,45.0757,45.0757,4800.66,15679.3,16118.7,15989.5,16375,17984.7,20300.3,20434.4
3_full_duplex,96,"n23m0236.hpc.itc.rwth-aachen.de",0,"0",191,4194304,20,90.5585,91.3295,91.8201,92.1199,92.7818,94.5082,94.6018,8.1256,8.1256,16.2512,13781.8,45260.5,75195.1,65334,86266.3,90832.1,92702.7,94586.3
4_gather_scatter,96,"n23m0236.hpc.itc.rwth-aachen.de",0,"0",191,4194304,20,112.983,124.442,125.818,125.673,127.354,130.872,134.797,5.92995,5.92995,11.8599,99812.1,118181,121020,121424,125172,128975,134649,134790
5_immediate_response,96,"n23m0236.hpc.itc.rwth-aachen.de",0,"0",191,4194304,20,120.749,125.952,127.731,127.655,128.818,131.41,133.413,5.84111,5.84111,11.6822,17483.6,60214.2,102397,89743,118478,128072,131214,133404
6_serialized_ref,96,"n23m0236.hpc.itc.rwth-aachen.de",0,"0",191,4194304,20,293.413,296.405,299.16,300.281,303.217,309.378,310.182,2.49397,2.49397,4.98793,1022.38,50503.8,99681.8,121562,187112,278651,297163,310179
7_credits_cap1,96,"n23m0236.hpc.itc.rwth-aachen.de",0,"0",191,4194304,20,292.747,297.049,299.624,299.999,302.67,308.542,313.826,2.4901,2.4901,4.9802,940.588,1014.09,1167.69,1560.56,2273.86,2435.87,2517.86,4092.97
7_credits_cap2,96,"n23m0236.hpc.itc.rwth-aachen.de",0,"0",191,4194304,20,292.677,295.046,297.767,298.188,300.334,304.195,308.695,2.50563,2.50563,5.01126,1016.78,2031.23,2323.98,3101.62,4376.45,4830.17,4935.52,5846.52
7_credits_cap4,96,"n23m0236.hpc.itc.rwth-aachen.de",0,"0",191,4194304,20,291.581,294.361,298.541,298.228,300.787,307.552,308.088,2.49913,2.49913,4.99826,1011.73,4046.61,4642.94,6161.54,8196.47,9683.03,9772.43,12116.1
7_credits_cap8,96,"n23m0236.hpc.itc.rwth-aachen.de",0,"0",191,4194304,20,291.189,294.541,297.245,301.115,301.007,337.724,341.946,2.51003,2.51003,5.02007,1009.48,8090.38,9156.69,12158.5,15689.1,19390.4,19628.9,47832.5
7_credits_cap16,96,"n23m0236.hpc.itc.rwth-aachen.de",0,"0",191,4194304,20,292.323,296.497,300.334,301.444,304.724,312.523,323.099,2.48421,2.48421,4.96842,1010.79,16232.2,18544.6,23695.5,30834.5,38956.2,40315.6,47004.1
7_credits_cap32,96,"n23m0236.hpc.itc.rwth-aachen.de",0,"0",191,4194304,20,292.037,293.016,299.341,298.572,302.85,304.298,307.289,2.49245,2.49245,4.98491,1040.06,31667.1,35162.3,43830.5,59243.3,75879.4,77709.6,81084.9
7_credits_cap64,96,"n23m0236.hpc.itc.rwth-aachen.de",0,"0",191,4194304,20,291.668,294.878,297.678,298.159,301.067,307.921,309.499,2.50638,2.50638,5.01275,1091.34,50293.6,68094.3,75146.5,104497,138151,143751,148149
8_credits_locality_1local_1remote,96,"n23m0236.hpc.itc.rwth-aachen.de",0,"0",191,4194304,20,307.344,308.404,309.426,310.511,313.105,314.688,315.289,2.41122,2.41122,4.82244,978.088,2999.9,3313.71,3232.19,3485.73,3583.86,3632.05,4191.51
9_credits_aix_ramping,96,"n23m0236.hpc.itc.rwth-aachen.de",0,"0",191,4194304,20,291.731,296.159,300.08,299.848,302.907,308.07,309.549,2.48632,2.48632,4.97264,1012.71,33450.1,65964.5,88299.1,137464,215524,231587,242954
