rank,hostname,cpu_id,cpu_affinity,cpu_numa_node,gpu_id,gpu_pci_bus_id,gpu_pci_numa_node,status,payload_bytes,payload_type,direction,iters,host_buf_numa_node,variant,page_policy,src_page_policy,dst_page_policy,reg_mode,transfer_mode,src_pages,dst_pages,dst_pages_after,lat_min_us,lat_p25_us,lat_median_us,lat_p75_us,lat_iqr_us,lat_max_us,lat_mean_us,lat_stddev_us,bw_gibs_min,bw_gibs_p25,bw_gibs_median,bw_gibs_p75,bw_gibs_iqr,bw_gibs_max,bw_gibs_mean,bw_gibs_stddev,bw_gbps_median,gpu_dma_time_median_us
0,"w23g0007.hpc.itc.rwth-aachen.de",0,"0",0,0,0000:1b:00.0,0,"OK",4096,"latency","H2D",50,0,"gpu0-cpu0-src0-dst3-interleaved",-1,0,3,0,"interleaved","0:1","3:1","3:1",10.211,10.635,10.8465,10.9422,0.30725,13.157,10.8669,0.435304,0.289937,0.348621,0.351699,0.358693,0.0100723,0.373587,0.351547,0.0127856,0.377633,5.152
0,"w23g0007.hpc.itc.rwth-aachen.de",0,"0",0,0,0000:1b:00.0,0,"OK",4096,"latency","D2H",50,3,"gpu0-cpu0-src0-dst3-interleaved",-1,0,3,0,"interleaved","0:1","3:1","3:1",10.355,10.5762,10.73,10.886,0.30975,19.288,10.903,1.21975,0.197776,0.350423,0.355517,0.360685,0.0102627,0.368392,0.352461,0.0233345,0.381733,5.088
0,"w23g0007.hpc.itc.rwth-aachen.de",0,"0",0,0,0000:1b:00.0,0,"OK",67108864,"bandwidth","H2D",50,0,"gpu0-cpu0-src0-dst3-interleaved",-1,0,3,0,"interleaved","0:16384","3:16384","3:16384",1218.2,1218.67,1219.47,1219.68,1.01225,1222.39,1219.42,0.955154,51.1292,51.2429,51.2519,51.2855,0.0425633,51.3052,51.2538,0.0401023,55.0313,1213.41
0,"w23g0007.hpc.itc.rwth-aachen.de",0,"0",0,0,0000:1b:00.0,0,"OK",67108864,"bandwidth","D2H",50,3,"gpu0-cpu0-src0-dst3-interleaved",-1,0,3,0,"interleaved","0:16384","3:16384","3:16384",1814.67,1820.81,1822.62,1824.65,3.83925,1828.35,1822.49,2.95698,34.1838,34.2532,34.2914,34.3254,0.0722243,34.4415,34.2938,0.0556933,36.8201,1816.56
0,"w23g0007.hpc.itc.rwth-aachen.de",0,"0",0,0,0000:1b:00.0,0,"OK",268435456,"bandwidth","H2D",50,0,"gpu0-cpu0-src0-dst3-interleaved",-1,0,3,0,"interleaved","0:65536","3:65536","3:65536",4839.99,4840.84,4841.18,4843.36,2.52375,4846.77,4841.85,1.45512,51.5807,51.617,51.6403,51.6439,0.0269103,51.653,51.6332,0.0155118,55.4483,4834.98
0,"w23g0007.hpc.itc.rwth-aachen.de",0,"0",0,0,0000:1b:00.0,0,"OK",268435456,"bandwidth","D2H",50,3,"gpu0-cpu0-src0-dst3-interleaved",-1,0,3,0,"interleaved","0:65536","3:65536","3:65536",7239.03,7251.18,7254.64,7259.75,8.5715,7266.74,7255.04,6.19058,34.4033,34.4365,34.4607,34.4772,0.0407068,34.535,34.4588,0.0294125,37.0019,7248.11
0,"w23g0007.hpc.itc.rwth-aachen.de",0,"0",0,0,0000:1b:00.0,0,"NOT_RUN (d2h-only)",4096,"latency","H2D",50,0,"gpu0-cpu0-src0-dst3-d2h-only",-1,0,3,0,"d2h-only","0:1","3:1","3:1",0,0,0,0,0,0,0,0,0,0,0,0,0,0,0,0,0,0
0,"w23g0007.hpc.itc.rwth-aachen.de",0,"0",0,0,0000:1b:00.0,0,"OK",4096,"latency","D2H",50,3,"gpu0-cpu0-src0-dst3-d2h-only",-1,0,3,0,"d2h-only","0:1","3:1","3:1",10.397,10.5448,10.999,11.304,0.75925,11.614,10.9681,0.367794,0.328457,0.337464,0.346823,0.361763,0.0242988,0.366904,0.348193,0.0117147,0.372399,5.056
0,"w23g0007.hpc.itc.rwth-aachen.de",0,"0",0,0,0000:1b:00.0,0,"NOT_RUN (d2h-only)",67108864,"bandwidth","H2D",50,0,"gpu0-cpu0-src0-dst3-d2h-only",-1,0,3,0,"d2h-only","0:16384","3:16384","3:16384",0,0,0,0,0,0,0,0,0,0,0,0,0,0,0,0,0,0
0,"w23g0007.hpc.itc.rwth-aachen.de",0,"0",0,0,0000:1b:00.0,0,"OK",67108864,"bandwidth","D2H",50,3,"gpu0-cpu0-src0-dst3-d2h-only",-1,0,3,0,"d2h-only","0:16384","3:16384","3:16384",1810.93,1818.95,1820.85,1822.21,3.25825,1824.64,1820.42,2.68989,34.2533,34.2991,34.3247,34.3605,0.0614394,34.5127,34.3328,0.0508201,36.8559,1814.34
0,"w23g0007.hpc.itc.rwth-aachen.de",0,"0",0,0,0000:1b:00.0,0,"NOT_RUN (d2h-only)",268435456,"bandwidth","H2D",50,0,"gpu0-cpu0-src0-dst3-d2h-only",-1,0,3,0,"d2h-only","0:65536","3:65536","3:65536",0,0,0,0,0,0,0,0,0,0,0,0,0,0,0,0,0,0
0,"w23g0007.hpc.itc.rwth-aachen.de",0,"0",0,0,0000:1b:00.0,0,"OK",268435456,"bandwidth","D2H",50,3,"gpu0-cpu0-src0-dst3-d2h-only",-1,0,3,0,"d2h-only","0:65536","3:65536","3:65536",7241.67,7249.59,7253.12,7255.51,5.91375,7271.94,7252.98,5.39788,34.3787,34.4566,34.4679,34.4847,0.0281075,34.5224,34.4686,0.0256382,37.0097,7246.38
0,"w23g0007.hpc.itc.rwth-aachen.de",0,"0",0,0,0000:1b:00.0,0,"OK",4096,"latency","H2D",50,0,"gpu0-cpu0-src0-dst2-interleaved",-1,0,2,0,"interleaved","0:1","2:1","2:1",10.222,10.7353,10.8765,11.0152,0.28,19.518,11.0815,1.30233,0.195445,0.346311,0.350729,0.355343,0.00903283,0.373185,0.347209,0.0256969,0.376592,5.152
0,"w23g0007.hpc.itc.rwth-aachen.de",0,"0",0,0,0000:1b:00.0,0,"OK",4096,"latency","D2H",50,2,"gpu0-cpu0-src0-dst2-interleaved",-1,0,2,0,"interleaved","0:1","2:1","2:1",10.369,10.6277,10.8055,10.9745,0.34675,19.196,11.1448,1.66518,0.198724,0.347597,0.353034,0.358937,0.0113406,0.367894,0.346969,0.0315823,0.379067,5.152
0,"w23g0007.hpc.itc.rwth-aachen.de",0,"0",0,0,0000:1b:00.0,0,"OK",67108864,"bandwidth","H2D",50,0,"gpu0-cpu0-src0-dst2-interleaved",-1,0,2,0,"interleaved","0:16384","2:16384","2:16384",1218.23,1218.82,1219.43,1219.66,0.84525,1754.52,1230.05,74.9286,35.6223,51.2437,51.2533,51.2792,0.0355375,51.3039,50.9441,2.18912,55.0329,1213.41
0,"w23g0007.hpc.itc.rwth-aachen.de",0,"0",0,0,0000:1b:00.0,0,"OK",67108864,"bandwidth","D2H",50,2,"gpu0-cpu0-src0-dst2-interleaved",-1,0,2,0,"interleaved","0:16384","2:16384","2:16384",2148.3,2149.89,2150.97,2151.96,2.06225,2153.97,2150.94,1.38408,29.0162,29.0434,29.0566,29.0712,0.0278594,29.0927,29.0571,0.0186949,31.1993,2144.53
0,"w23g0007.hpc.itc.rwth-aachen.de",0,"0",0,0,0000:1b:00.0,0,"OK",268435456,"bandwidth","H2D",50,0,"gpu0-cpu0-src0-dst2-interleaved",-1,0,2,0,"interleaved","0:65536","2:65536","2:65536",4840.16,4840.92,4841.29,4843.46,2.54175,4847.61,4842,1.57052,51.5718,51.616,51.6392,51.6431,0.0271013,51.6512,51.6316,0.016739,55.4471,4835.09
0,"w23g0007.hpc.itc.rwth-aachen.de",0,"0",0,0,0000:1b:00.0,0,"OK",268435456,"bandwidth","D2H",50,2,"gpu0-cpu0-src0-dst2-interleaved",-1,0,2,0,"interleaved","0:65536","2:65536","2:65536",8556.64,8565.26,8567.34,8570.15,4.88875,8578.55,8567.52,4.05397,29.1425,29.171,29.1806,29.1877,0.0166498,29.2171,29.18,0.0138073,31.3324,8560.98
0,"w23g0007.hpc.itc.rwth-aachen.de",0,"0",0,0,0000:1b:00.0,0,"NOT_RUN (d2h-only)",4096,"latency","H2D",50,0,"gpu0-cpu0-src0-dst2-d2h-only",-1,0,2,0,"d2h-only","0:1","2:1","2:1",0,0,0,0,0,0,0,0,0,0,0,0,0,0,0,0,0,0
0,"w23g0007.hpc.itc.rwth-aachen.de",0,"0",0,0,0000:1b:00.0,0,"OK",4096,"latency","D2H",50,2,"gpu0-cpu0-src0-dst2-d2h-only",-1,0,2,0,"d2h-only","0:1","2:1","2:1",10.301,10.4477,10.781,11.1738,0.726,11.638,10.8213,0.409185,0.327779,0.341402,0.353862,0.365121,0.0237192,0.370323,0.353015,0.013172,0.379956,4.976
0,"w23g0007.hpc.itc.rwth-aachen.de",0,"0",0,0,0000:1b:00.0,0,"NOT_RUN (d2h-only)",67108864,"bandwidth","H2D",50,0,"gpu0-cpu0-src0-dst2-d2h-only",-1,0,2,0,"d2h-only","0:16384","2:16384","2:16384",0,0,0,0,0,0,0,0,0,0,0,0,0,0,0,0,0,0
0,"w23g0007.hpc.itc.rwth-aachen.de",0,"0",0,0,0000:1b:00.0,0,"OK",67108864,"bandwidth","D2H",50,2,"gpu0-cpu0-src0-dst2-d2h-only",-1,0,2,0,"d2h-only","0:16384","2:16384","2:16384",2143.71,2149.53,2150.66,2151.49,1.96075,2154,2150.43,1.96948,29.0157,29.0497,29.0609,29.0762,0.0264985,29.1551,29.064,0.0266496,31.2039,2144.19
0,"w23g0007.hpc.itc.rwth-aachen.de",0,"0",0,0,0000:1b:00.0,0,"NOT_RUN (d2h-only)",268435456,"bandwidth","H2D",50,0,"gpu0-cpu0-src0-dst2-d2h-only",-1,0,2,0,"d2h-only","0:65536","2:65536","2:65536",0,0,0,0,0,0,0,0,0,0,0,0,0,0,0,0,0,0
0,"w23g0007.hpc.itc.rwth-aachen.de",0,"0",0,0,0000:1b:00.0,0,"OK",268435456,"bandwidth","D2H",50,2,"gpu0-cpu0-src0-dst2-d2h-only",-1,0,2,0,"d2h-only","0:65536","2:65536","2:65536",8563.11,8565.92,8568.45,8571.01,5.09,8576.22,8568.57,3.23234,29.1504,29.1681,29.1768,29.1854,0.0173321,29.195,29.1764,0.0110052,31.3284,8561.95
0,"w23g0007.hpc.itc.rwth-aachen.de",0,"0",0,0,0000:1b:00.0,0,"OK",4096,"latency","H2D",50,0,"gpu0-cpu0-src0-dst1-interleaved",-1,0,1,0,"interleaved","0:1","1:1","1:1",10.331,10.8737,11.011,11.1043,0.2305,13.495,11.003,0.437456,0.282675,0.343535,0.346445,0.350817,0.00728218,0.369248,0.347185,0.0123691,0.371992,5.312
0,"w23g0007.hpc.itc.rwth-aachen.de",0,"0",0,0,0000:1b:00.0,0,"OK",4096,"latency","D2H",50,1,"gpu0-cpu0-src0-dst1-interleaved",-1,0,1,0,"interleaved","0:1","1:1","1:1",10.381,10.6385,10.816,10.9677,0.32925,18.826,10.9871,1.1518,0.202629,0.34781,0.35269,0.358575,0.0107647,0.367469,0.349549,0.022684,0.378698,5.12
0,"w23g0007.hpc.itc.rwth-aachen.de",0,"0",0,0,0000:1b:00.0,0,"OK",67108864,"bandwidth","H2D",50,0,"gpu0-cpu0-src0-dst1-interleaved",-1,0,1,0,"interleaved","0:16384","1:16384","1:16384",1218.2,1219.57,1220.43,1221.44,1.8685,1225.04,1220.57,1.4222,51.0187,51.1691,51.2114,51.2475,0.0783957,51.3054,51.2057,0.0596195,54.9878,1214.02
0,"w23g0007.hpc.itc.rwth-aachen.de",0,"0",0,0,0000:1b:00.0,0,"OK",67108864,"bandwidth","D2H",50,1,"gpu0-cpu0-src0-dst1-interleaved",-1,0,1,0,"interleaved","0:16384","1:16384","1:16384",1520.85,1528.2,1532.57,1534.8,6.599,1544.41,1531.67,4.69534,40.4684,40.7219,40.7813,40.8977,0.175848,41.0955,40.8055,0.125149,43.7886,1526
0,"w23g0007.hpc.itc.rwth-aachen.de",0,"0",0,0,0000:1b:00.0,0,"OK",268435456,"bandwidth","H2D",50,0,"gpu0-cpu0-src0-dst1-interleaved",-1,0,1,0,"interleaved","0:65536","1:65536","1:65536",4840.49,4841.07,4841.79,4843.76,2.684,4846.42,4842.38,1.59339,51.5844,51.6128,51.6338,51.6414,0.0286153,51.6477,51.6275,0.0169841,55.4414,4835.47
0,"w23g0007.hpc.itc.rwth-aachen.de",0,"0",0,0,0000:1b:00.0,0,"OK",268435456,"bandwidth","D2H",50,1,"gpu0-cpu0-src0-dst1-interleaved",-1,0,1,0,"interleaved","0:65536","1:65536","1:65536",6101.22,6111.08,6115.6,6119.85,8.76375,6136.28,6116.25,7.82813,40.7413,40.8507,40.8791,40.9093,0.0585829,40.9754,40.8748,0.0522802,43.8936,6109.07
0,"w23g0007.hpc.itc.rwth-aachen.de",0,"0",0,0,0000:1b:00.0,0,"NOT_RUN (d2h-only)",4096,"latency","H2D",50,0,"gpu0-cpu0-src0-dst1-d2h-only",-1,0,1,0,"d2h-only","0:1","1:1","1:1",0,0,0,0,0,0,0,0,0,0,0,0,0,0,0,0,0,0
0,"w23g0007.hpc.itc.rwth-aachen.de",0,"0",0,0,0000:1b:00.0,0,"OK",4096,"latency","D2H",50,1,"gpu0-cpu0-src0-dst1-d2h-only",-1,0,1,0,"d2h-only","0:1","1:1","1:1",10.447,10.5565,10.9495,11.4533,0.89675,11.998,10.9762,0.452835,0.317944,0.333067,0.348391,0.36136,0.0282932,0.365148,0.348124,0.014138,0.374082,5.072
0,"w23g0007.hpc.itc.rwth-aachen.de",0,"0",0,0,0000:1b:00.0,0,"NOT_RUN (d2h-only)",67108864,"bandwidth","H2D",50,0,"gpu0-cpu0-src0-dst1-d2h-only",-1,0,1,0,"d2h-only","0:16384","1:16384","1:16384",0,0,0,0,0,0,0,0,0,0,0,0,0,0,0,0,0,0
0,"w23g0007.hpc.itc.rwth-aachen.de",0,"0",0,0,0000:1b:00.0,0,"OK",67108864,"bandwidth","D2H",50,1,"gpu0-cpu0-src0-dst1-d2h-only",-1,0,1,0,"d2h-only","0:16384","1:16384","1:16384",1502.61,1509.22,1513.08,1514.91,5.696,1521.45,1511.87,4.16571,41.0793,41.2565,41.3064,41.4122,0.155708,41.5943,41.3399,0.114025,44.3525,1506.66
0,"w23g0007.hpc.itc.rwth-aachen.de",0,"0",0,0,0000:1b:00.0,0,"NOT_RUN (d2h-only)",268435456,"bandwidth","H2D",50,0,"gpu0-cpu0-src0-dst1-d2h-only",-1,0,1,0,"d2h-only","0:65536","1:65536","1:65536",0,0,0,0,0,0,0,0,0,0,0,0,0,0,0,0,0,0
0,"w23g0007.hpc.itc.rwth-aachen.de",0,"0",0,0,0000:1b:00.0,0,"OK",268435456,"bandwidth","D2H",50,1,"gpu0-cpu0-src0-dst1-d2h-only",-1,0,1,0,"d2h-only","0:65536","1:65536","1:65536",6057.09,6066.59,6070.28,6073.89,7.29425,6091.39,6071.27,6.83007,41.0415,41.1598,41.1842,41.2093,0.049489,41.274,41.1776,0.0462885,44.2212,6063.44
0,"w23g0007.hpc.itc.rwth-aachen.de",0,"0",0,0,0000:1b:00.0,0,"OK",4096,"latency","H2D",50,0,"gpu0-cpu0-src0-dst0-interleaved",-1,0,0,0,"interleaved","0:1","0:1","0:1",10.403,10.889,11.0235,11.123,0.234,13.132,11.0619,0.432918,0.290489,0.342956,0.346051,0.350326,0.00736995,0.366692,0.345343,0.0126343,0.37157,5.312
0,"w23g0007.hpc.itc.rwth-aachen.de",0,"0",0,0,0000:1b:00.0,0,"OK",4096,"latency","D2H",50,0,"gpu0-cpu0-src0-dst0-interleaved",-1,0,0,0,"interleaved","0:1","0:1","0:1",10.518,10.6773,10.8495,11.0663,0.389,18.636,11.1382,1.28144,0.204695,0.344715,0.351601,0.357273,0.0125588,0.362683,0.345477,0.0262231,0.377529,5.216
0,"w23g0007.hpc.itc.rwth-aachen.de",0,"0",0,0,0000:1b:00.0,0,"OK",67108864,"bandwidth","H2D",50,0,"gpu0-cpu0-src0-dst0-interleaved",-1,0,0,0,"interleaved","0:16384","0:16384","0:16384",1218.06,1218.64,1219.55,1219.82,1.18025,1222.58,1219.35,0.948592,51.1215,51.2371,51.2482,51.2867,0.0496231,51.3111,51.257,0.0398362,55.0274,1213.36
0,"w23g0007.hpc.itc.rwth-aachen.de",0,"0",0,0,0000:1b:00.0,0,"OK",67108864,"bandwidth","D2H",50,0,"gpu0-cpu0-src0-dst0-interleaved",-1,0,0,0,"interleaved","0:16384","0:16384","0:16384",1516.2,1529.67,1532.94,1535.89,6.21475,2825.33,1558.38,181.051,22.1213,40.6931,40.7713,40.8584,0.165328,41.2214,40.4096,2.61548,43.7779,1526.54
0,"w23g0007.hpc.itc.rwth-aachen.de",0,"0",0,0,0000:1b:00.0,0,"OK",268435456,"bandwidth","H2D",50,0,"gpu0-cpu0-src0-dst0-interleaved",-1,0,0,0,"interleaved","0:65536","0:65536","0:65536",4839.92,4841.17,4841.52,4843.68,2.50825,4847.35,4842.26,1.75262,51.5746,51.6136,51.6367,51.6404,0.026741,51.6538,51.6287,0.0186782,55.4445,4835.34
0,"w23g0007.hpc.itc.rwth-aachen.de",0,"0",0,0,0000:1b:00.0,0,"OK",268435456,"bandwidth","D2H",50,0,"gpu0-cpu0-src0-dst0-interleaved",-1,0,0,0,"interleaved","0:65536","0:65536","0:65536",6162.32,6174.63,6177.61,6182.06,7.43025,6196.66,6178.18,7.14129,40.3443,40.4396,40.4687,40.4883,0.0486631,40.5691,40.465,0.0467697,43.4529,6171.5
0,"w23g0007.hpc.itc.rwth-aachen.de",0,"0",0,0,0000:1b:00.0,0,"NOT_RUN (d2h-only)",4096,"latency","H2D",50,0,"gpu0-cpu0-src0-dst0-d2h-only",-1,0,0,0,"d2h-only","0:1","0:1","0:1",0,0,0,0,0,0,0,0,0,0,0,0,0,0,0,0,0,0
0,"w23g0007.hpc.itc.rwth-aachen.de",0,"0",0,0,0000:1b:00.0,0,"OK",4096,"latency","D2H",50,0,"gpu0-cpu0-src0-dst0-d2h-only",-1,0,0,0,"d2h-only","0:1","0:1","0:1",10.358,10.5478,10.9375,11.3798,0.832,11.671,10.9225,0.400938,0.326853,0.335219,0.348772,0.361661,0.0264413,0.368285,0.349718,0.0127489,0.374491,5.024
0,"w23g0007.hpc.itc.rwth-aachen.de",0,"0",0,0,0000:1b:00.0,0,"NOT_RUN (d2h-only)",67108864,"bandwidth","H2D",50,0,"gpu0-cpu0-src0-dst0-d2h-only",-1,0,0,0,"d2h-only","0:16384","0:16384","0:16384",0,0,0,0,0,0,0,0,0,0,0,0,0,0,0,0,0,0
0,"w23g0007.hpc.itc.rwth-aachen.de",0,"0",0,0,0000:1b:00.0,0,"OK",67108864,"bandwidth","D2H",50,0,"gpu0-cpu0-src0-dst0-d2h-only",-1,0,0,0,"d2h-only","0:16384","0:16384","0:16384",1520.41,1530.18,1532.53,1536.56,6.382,2115.17,1544.32,81.683,29.5485,40.6752,40.7822,40.8448,0.169644,41.1073,40.5543,1.57716,43.7895,1525.92
0,"w23g0007.hpc.itc.rwth-aachen.de",0,"0",0,0,0000:1b:00.0,0,"NOT_RUN (d2h-only)",268435456,"bandwidth","H2D",50,0,"gpu0-cpu0-src0-dst0-d2h-only",-1,0,0,0,"d2h-only","0:65536","0:65536","0:65536",0,0,0,0,0,0,0,0,0,0,0,0,0,0,0,0,0,0
0,"w23g0007.hpc.itc.rwth-aachen.de",0,"0",0,0,0000:1b:00.0,0,"OK",268435456,"bandwidth","D2H",50,0,"gpu0-cpu0-src0-dst0-d2h-only",-1,0,0,0,"d2h-only","0:65536","0:65536","0:65536",6143.54,6165.71,6169.47,6174.5,8.79125,7336.43,6192.13,163.705,34.0765,40.4891,40.5221,40.5468,0.0577305,40.6931,40.3978,0.904857,43.5103,6162.7
0,"w23g0007.hpc.itc.rwth-aachen.de",48,"48",4,2,0000:9d:00.0,4,"OK",4096,"latency","H2D",50,4,"gpu2-cpu48-src4-dst7-interleaved",-1,4,7,0,"interleaved","4:1","7:1","7:1",10.051,10.5515,10.6215,10.823,0.2715,14.673,10.7622,0.719466,0.259981,0.352464,0.359149,0.361531,0.00906743,0.379534,0.355721,0.0191237,0.385633,5.024
0,"w23g0007.hpc.itc.rwth-aachen.de",48,"48",4,2,0000:9d:00.0,4,"OK",4096,"latency","D2H",50,7,"gpu2-cpu48-src4-dst7-interleaved",-1,4,7,0,"interleaved","4:1","7:1","7:1",10.068,10.2258,10.445,10.6007,0.375,1734.55,44.9384,241.374,0.00219924,0.359852,0.365218,0.373048,0.0131965,0.378893,0.357777,0.0515418,0.392149,4.896
0,"w23g0007.hpc.itc.rwth-aachen.de",48,"48",4,2,0000:9d:00.0,4,"OK",67108864,"bandwidth","H2D",50,4,"gpu2-cpu48-src4-dst7-interleaved",-1,4,7,0,"interleaved","4:16384","7:16384","7:16384",1218.09,1218.6,1219.42,1219.68,1.0895,1806.38,1230.99,82.2023,34.5995,51.2428,51.2539,51.2886,0.0458143,51.3099,50.9278,2.33285,55.0335,1213.42
0,"w23g0007.hpc.itc.rwth-aachen.de",48,"48",4,2,0000:9d:00.0,4,"OK",67108864,"bandwidth","D2H",50,7,"gpu2-cpu48-src4-dst7-interleaved",-1,4,7,0,"interleaved","4:16384","7:16384","7:16384",1811.85,1818.01,1820.62,1822.54,4.52425,1826.31,1820.25,3.22177,34.2221,34.2929,34.3289,34.3782,0.0853404,34.4951,34.3361,0.0608184,36.8603,1814.43
0,"w23g0007.hpc.itc.rwth-aachen.de",48,"48",4,2,0000:9d:00.0,4,"OK",268435456,"bandwidth","H2D",50,4,"gpu2-cpu48-src4-dst7-interleaved",-1,4,7,0,"interleaved","4:65536","7:65536","7:65536",4840.65,4841.43,4841.74,4842.5,1.069,4844.28,4842.04,0.871095,51.6072,51.6262,51.6344,51.6376,0.0113992,51.646,51.6312,0.00928708,55.442,4835.7
0,"w23g0007.hpc.itc.rwth-aachen.de",48,"48",4,2,0000:9d:00.0,4,"OK",268435456,"bandwidth","D2H",50,7,"gpu2-cpu48-src4-dst7-interleaved",-1,4,7,0,"interleaved","4:65536","7:65536","7:65536",7236.1,7244.24,7248.76,7252.42,8.17725,7265.75,7248.48,6.11604,34.408,34.4713,34.4886,34.5102,0.0389109,34.549,34.49,0.0290947,37.0319,7242.45
0,"w23g0007.hpc.itc.rwth-aachen.de",48,"48",4,2,0000:9d:00.0,4,"NOT_RUN (d2h-only)",4096,"latency","H2D",50,4,"gpu2-cpu48-src4-dst7-d2h-only",-1,4,7,0,"d2h-only","4:1","7:1","7:1",0,0,0,0,0,0,0,0,0,0,0,0,0,0,0,0,0,0
0,"w23g0007.hpc.itc.rwth-aachen.de",48,"48",4,2,0000:9d:00.0,4,"OK",4096,"latency","D2H",50,7,"gpu2-cpu48-src4-dst7-d2h-only",-1,4,7,0,"d2h-only","4:1","7:1","7:1",10.002,10.1002,10.377,10.9745,0.87425,14.2,10.5274,0.651461,0.268641,0.347597,0.367617,0.377683,0.0300862,0.381393,0.363522,0.0189688,0.394726,4.752
0,"w23g0007.hpc.itc.rwth-aachen.de",48,"48",4,2,0000:9d:00.0,4,"NOT_RUN (d2h-only)",67108864,"bandwidth","H2D",50,4,"gpu2-cpu48-src4-dst7-d2h-only",-1,4,7,0,"d2h-only","4:16384","7:16384","7:16384",0,0,0,0,0,0,0,0,0,0,0,0,0,0,0,0,0,0
0,"w23g0007.hpc.itc.rwth-aachen.de",48,"48",4,2,0000:9d:00.0,4,"OK",67108864,"bandwidth","D2H",50,7,"gpu2-cpu48-src4-dst7-d2h-only",-1,4,7,0,"d2h-only","4:16384","7:16384","7:16384",1808.7,1816.59,1818.55,1820.18,3.586,1825.35,1818.11,3.34719,34.2399,34.3373,34.3681,34.4051,0.0677829,34.5552,34.3765,0.0633732,36.9024,1811.9
0,"w23g0007.hpc.itc.rwth-aachen.de",48,"48",4,2,0000:9d:00.0,4,"NOT_RUN (d2h-only)",268435456,"bandwidth","H2D",50,4,"gpu2-cpu48-src4-dst7-d2h-only",-1,4,7,0,"d2h-only","4:65536","7:65536","7:65536",0,0,0,0,0,0,0,0,0,0,0,0,0,0,0,0,0,0
0,"w23g0007.hpc.itc.rwth-aachen.de",48,"48",4,2,0000:9d:00.0,4,"OK",268435456,"bandwidth","D2H",50,7,"gpu2-cpu48-src4-dst7-d2h-only",-1,4,7,0,"d2h-only","4:65536","7:65536","7:65536",7229.26,7240.81,7244.37,7248.28,7.4665,8233.97,7263.91,138.68,30.362,34.4909,34.5096,34.5265,0.0355659,34.5817,34.4278,0.581371,37.0544,7237.57
0,"w23g0007.hpc.itc.rwth-aachen.de",48,"48",4,2,0000:9d:00.0,4,"OK",4096,"latency","H2D",50,4,"gpu2-cpu48-src4-dst6-interleaved",-1,4,6,0,"interleaved","4:1","6:1","6:1",10.134,10.5457,10.668,10.7622,0.2165,13.33,10.7016,0.448979,0.286174,0.354452,0.357583,0.361728,0.00727675,0.376426,0.357004,0.0130527,0.383952,5.056
0,"w23g0007.hpc.itc.rwth-aachen.de",48,"48",4,2,0000:9d:00.0,4,"OK",4096,"latency","D2H",50,6,"gpu2-cpu48-src4-dst6-interleaved",-1,4,6,0,"interleaved","4:1","6:1","6:1",10.025,10.2135,10.35,10.4712,0.25775,18.521,10.5328,1.16517,0.205966,0.364302,0.36857,0.373496,0.00919362,0.380518,0.364812,0.0241034,0.395749,4.848
0,"w23g0007.hpc.itc.rwth-aachen.de",48,"48",4,2,0000:9d:00.0,4,"OK",67108864,"bandwidth","H2D",50,4,"gpu2-cpu48-src4-dst6-interleaved",-1,4,6,0,"interleaved","4:16384","6:16384","6:16384",1218.16,1218.86,1219.12,1219.34,0.4835,1221.92,1219.24,0.710538,51.149,51.2572,51.2663,51.2776,0.0203329,51.3068,51.2615,0.0298398,55.0468,1213.12
0,"w23g0007.hpc.itc.rwth-aachen.de",48,"48",4,2,0000:9d:00.0,4,"OK",67108864,"bandwidth","D2H",50,6,"gpu2-cpu48-src4-dst6-interleaved",-1,4,6,0,"interleaved","4:16384","6:16384","6:16384",2300.14,2302.46,2303.5,2304.66,2.2,3694.19,2331.42,194.688,16.9184,27.1189,27.1326,27.1448,0.025912,27.1723,26.9271,1.42993,29.1334,2297.28
0,"w23g0007.hpc.itc.rwth-aachen.de",48,"48",4,2,0000:9d:00.0,4,"OK",268435456,"bandwidth","H2D",50,4,"gpu2-cpu48-src4-dst6-interleaved",-1,4,6,0,"interleaved","4:65536","6:65536","6:65536",4840.31,4841.28,4841.74,4842.85,1.5695,4845.23,4842.02,1.03691,51.5971,51.6225,51.6344,51.6392,0.0167355,51.6496,51.6313,0.0110547,55.442,4835.74
0,"w23g0007.hpc.itc.rwth-aachen.de",48,"48",4,2,0000:9d:00.0,4,"OK",268435456,"bandwidth","D2H",50,6,"gpu2-cpu48-src4-dst6-interleaved",-1,4,6,0,"interleaved","4:65536","6:65536","6:65536",9174.74,9180.37,9182.52,9185.16,4.79175,9188.44,9182.49,3.07681,27.2081,27.2178,27.2256,27.232,0.0142065,27.2487,27.2257,0.0091229,29.2333,9176.03
0,"w23g0007.hpc.itc.rwth-aachen.de",48,"48",4,2,0000:9d:00.0,4,"NOT_RUN (d2h-only)",4096,"latency","H2D",50,4,"gpu2-cpu48-src4-dst6-d2h-only",-1,4,6,0,"d2h-only","4:1","6:1","6:1",0,0,0,0,0,0,0,0,0,0,0,0,0,0,0,0,0,0
0,"w23g0007.hpc.itc.rwth-aachen.de",48,"48",4,2,0000:9d:00.0,4,"OK",4096,"latency","D2H",50,6,"gpu2-cpu48-src4-dst6-d2h-only",-1,4,6,0,"d2h-only","4:1","6:1","6:1",9.963,10.0828,10.3515,10.9527,0.87,19.347,10.6648,1.31154,0.197173,0.348287,0.368517,0.378339,0.0300523,0.382886,0.360995,0.0275794,0.395692,4.8
0,"w23g0007.hpc.itc.rwth-aachen.de",48,"48",4,2,0000:9d:00.0,4,"NOT_RUN (d2h-only)",67108864,"bandwidth","H2D",50,4,"gpu2-cpu48-src4-dst6-d2h-only",-1,4,6,0,"d2h-only","4:16384","6:16384","6:16384",0,0,0,0,0,0,0,0,0,0,0,0,0,0,0,0,0,0
0,"w23g0007.hpc.itc.rwth-aachen.de",48,"48",4,2,0000:9d:00.0,4,"OK",67108864,"bandwidth","D2H",50,6,"gpu2-cpu48-src4-dst6-d2h-only",-1,4,6,0,"d2h-only","4:16384","6:16384","6:16384",2300.2,2302.82,2303.59,2304.31,1.4875,2305.7,2303.53,1.18752,27.1067,27.1231,27.1316,27.1406,0.01752,27.1716,27.1323,0.0139897,29.1323,2297.3
0,"w23g0007.hpc.itc.rwth-aachen.de",48,"48",4,2,0000:9d:00.0,4,"NOT_RUN (d2h-only)",268435456,"bandwidth","H2D",50,4,"gpu2-cpu48-src4-dst6-d2h-only",-1,4,6,0,"d2h-only","4:65536","6:65536","6:65536",0,0,0,0,0,0,0,0,0,0,0,0,0,0,0,0,0,0
0,"w23g0007.hpc.itc.rwth-aachen.de",48,"48",4,2,0000:9d:00.0,4,"OK",268435456,"bandwidth","D2H",50,6,"gpu2-cpu48-src4-dst6-d2h-only",-1,4,6,0,"d2h-only","4:65536","6:65536","6:65536",9174.83,9179.35,9182.57,9184.09,4.7355,9192.28,9182,3.80504,27.1967,27.221,27.2255,27.235,0.014043,27.2484,27.2272,0.0112829,29.2331,9176
0,"w23g0007.hpc.itc.rwth-aachen.de",48,"48",4,2,0000:9d:00.0,4,"OK",4096,"latency","H2D",50,4,"gpu2-cpu48-src4-dst5-interleaved",-1,4,5,0,"interleaved","4:1","5:1","5:1",9.988,10.4322,10.5145,10.5953,0.163,13.043,10.5802,0.4505,0.292471,0.360038,0.362804,0.365664,0.00562557,0.381928,0.361129,0.0136324,0.389557,4.928
0,"w23g0007.hpc.itc.rwth-aachen.de",48,"48",4,2,0000:9d:00.0,4,"OK",4096,"latency","D2H",50,5,"gpu2-cpu48-src4-dst5-interleaved",-1,4,5,0,"interleaved","4:1","5:1","5:1",9.993,10.2195,10.4135,10.5168,0.29725,11.055,10.4038,0.26058,0.345065,0.362726,0.366322,0.373277,0.0105513,0.381737,0.366891,0.00902865,0.393336,4.864
0,"w23g0007.hpc.itc.rwth-aachen.de",48,"48",4,2,0000:9d:00.0,4,"OK",67108864,"bandwidth","H2D",50,4,"gpu2-cpu48-src4-dst5-interleaved",-1,4,5,0,"interleaved","4:16384","5:16384","5:16384",1217.87,1218.51,1219.32,1219.5,0.98775,1221.57,1219.15,0.805252,51.1638,51.2505,51.258,51.292,0.0415446,51.319,51.2654,0.0338443,55.0378,1213.39
0,"w23g0007.hpc.itc.rwth-aachen.de",48,"48",4,2,0000:9d:00.0,4,"OK",67108864,"bandwidth","D2H",50,5,"gpu2-cpu48-src4-dst5-interleaved",-1,4,5,0,"interleaved","4:16384","5:16384","5:16384",1527.61,1536.74,1539.15,1541.45,4.7115,1545.53,1538.84,3.84823,40.4391,40.5462,40.6067,40.6705,0.124311,40.9136,40.6154,0.101733,43.6011,1533.17
0,"w23g0007.hpc.itc.rwth-aachen.de",48,"48",4,2,0000:9d:00.0,4,"OK",268435456,"bandwidth","H2D",50,4,"gpu2-cpu48-src4-dst5-interleaved",-1,4,5,0,"interleaved","4:65536","5:65536","5:65536",4840.11,4840.91,4841.24,4842.28,1.369,6423.7,4873.23,221.498,38.9184,51.6285,51.6397,51.6431,0.0146004,51.6517,51.3816,1.78049,55.4477,4835.17
0,"w23g0007.hpc.itc.rwth-aachen.de",48,"48",4,2,0000:9d:00.0,4,"OK",268435456,"bandwidth","D2H",50,5,"gpu2-cpu48-src4-dst5-interleaved",-1,4,5,0,"interleaved","4:65536","5:65536","5:65536",6123.91,6134.41,6137.89,6143.18,8.77525,6154.41,6138.65,6.25244,40.6213,40.6955,40.7306,40.7537,0.0582147,40.8236,40.7256,0.0414771,43.7341,6131.68
0,"w23g0007.hpc.itc.rwth-aachen.de",48,"48",4,2,0000:9d:00.0,4,"NOT_RUN (d2h-only)",4096,"latency","H2D",50,4,"gpu2-cpu48-src4-dst5-d2h-only",-1,4,5,0,"d2h-only","4:1","5:1","5:1",0,0,0,0,0,0,0,0,0,0,0,0,0,0,0,0,0,0
0,"w23g0007.hpc.itc.rwth-aachen.de",48,"48",4,2,0000:9d:00.0,4,"OK",4096,"latency","D2H",50,5,"gpu2-cpu48-src4-dst5-d2h-only",-1,4,5,0,"d2h-only","4:1","5:1","5:1",9.952,10.0617,10.468,10.9123,0.8505,11.339,10.4883,0.415783,0.336423,0.349583,0.364416,0.37913,0.0295469,0.38331,0.364274,0.0142546,0.391288,4.8
0,"w23g0007.hpc.itc.rwth-aachen.de",48,"48",4,2,0000:9d:00.0,4,"NOT_RUN (d2h-only)",67108864,"bandwidth","H2D",50,4,"gpu2-cpu48-src4-dst5-d2h-only",-1,4,5,0,"d2h-only","4:16384","5:16384","5:16384",0,0,0,0,0,0,0,0,0,0,0,0,0,0,0,0,0,0
0,"w23g0007.hpc.itc.rwth-aachen.de",48,"48",4,2,0000:9d:00.0,4,"OK",67108864,"bandwidth","D2H",50,5,"gpu2-cpu48-src4-dst5-d2h-only",-1,4,5,0,"d2h-only","4:16384","5:16384","5:16384",1513.02,1519.01,1522.51,1524.87,5.86575,2420.34,1540.07,125.808,25.8228,40.987,41.0506,41.1452,0.158274,41.3082,40.757,2.1358,44.0777,1516.51
0,"w23g0007.hpc.itc.rwth-aachen.de",48,"48",4,2,0000:9d:00.0,4,"NOT_RUN (d2h-only)",268435456,"bandwidth","H2D",50,4,"gpu2-cpu48-src4-dst5-d2h-only",-1,4,5,0,"d2h-only","4:65536","5:65536","5:65536",0,0,0,0,0,0,0,0,0,0,0,0,0,0,0,0,0,0
0,"w23g0007.hpc.itc.rwth-aachen.de",48,"48",4,2,0000:9d:00.0,4,"OK",268435456,"bandwidth","D2H",50,5,"gpu2-cpu48-src4-dst5-d2h-only",-1,4,5,0,"d2h-only","4:65536","5:65536","5:65536",6096.26,6107.81,6113.29,6117.55,9.735,6131.07,6112.45,6.87533,40.7759,40.8661,40.8945,40.9312,0.0651349,41.0088,40.9002,0.0460075,43.9101,6106.74
0,"w23g0007.hpc.itc.rwth-aachen.de",48,"48",4,2,0000:9d:00.0,4,"OK",4096,"latency","H2D",50,4,"gpu2-cpu48-src4-dst4-interleaved",-1,4,4,0,"interleaved","4:1","4:1","4:1",10.037,10.534,10.672,10.8085,0.2745,13.18,10.7211,0.473768,0.289431,0.352936,0.357449,0.362132,0.00919557,0.380063,0.356439,0.0142519,0.383808,5.056
0,"w23g0007.hpc.itc.rwth-aachen.de",48,"48",4,2,0000:9d:00.0,4,"OK",4096,"latency","D2H",50,4,"gpu2-cpu48-src4-dst4-interleaved",-1,4,4,0,"interleaved","4:1","4:1","4:1",10.026,10.177,10.3605,10.5197,0.34275,18.458,10.5368,1.15655,0.206669,0.362623,0.368196,0.374835,0.0122122,0.38048,0.364648,0.0240515,0.395348,4.864
0,"w23g0007.hpc.itc.rwth-aachen.de",48,"48",4,2,0000:9d:00.0,4,"OK",67108864,"bandwidth","H2D",50,4,"gpu2-cpu48-src4-dst4-interleaved",-1,4,4,0,"interleaved","4:16384","4:16384","4:16384",1218.07,1218.64,1219.22,1219.49,0.8475,1221.75,1219.19,0.718762,51.156,51.2509,51.2624,51.2866,0.0356423,51.3107,51.2635,0.0302013,55.0426,1213.31
0,"w23g0007.hpc.itc.rwth-aachen.de",48,"48",4,2,0000:9d:00.0,4,"OK",67108864,"bandwidth","D2H",50,4,"gpu2-cpu48-src4-dst4-interleaved",-1,4,4,0,"interleaved","4:16384","4:16384","4:16384",1512.15,1518.6,1523.15,1525.17,6.5795,1530.48,1522.38,4.69384,40.8368,40.9789,41.0335,41.1565,0.177546,41.3319,41.0545,0.126612,44.0593,1517.2
0,"w23g0007.hpc.itc.rwth-aachen.de",48,"48",4,2,0000:9d:00.0,4,"OK",268435456,"bandwidth","H2D",50,4,"gpu2-cpu48-src4-dst4-interleaved",-1,4,4,0,"interleaved","4:65536","4:65536","4:65536",4840.14,4841.02,4841.33,4842.23,1.21175,4845.19,4841.64,0.954324,51.5975,51.6291,51.6387,51.6421,0.0129231,51.6514,51.6353,0.0101748,55.4467,4835.07
0,"w23g0007.hpc.itc.rwth-aachen.de",48,"48",4,2,0000:9d:00.0,4,"OK",268435456,"bandwidth","D2H",50,4,"gpu2-cpu48-src4-dst4-interleaved",-1,4,4,0,"interleaved","4:65536","4:65536","4:65536",6137.36,6150.19,6154.82,6160.41,10.2205,7637.31,6185.17,207.615,32.734,40.5817,40.6186,40.6492,0.0674394,40.7341,40.4564,1.10454,43.6139,6148.13
0,"w23g0007.hpc.itc.rwth-aachen.de",48,"48",4,2,0000:9d:00.0,4,"NOT_RUN (d2h-only)",4096,"latency","H2D",50,4,"gpu2-cpu48-src4-dst4-d2h-only",-1,4,4,0,"d2h-only","4:1","4:1","4:1",0,0,0,0,0,0,0,0,0,0,0,0,0,0,0,0,0,0
0,"w23g0007.hpc.itc.rwth-aachen.de",48,"48",4,2,0000:9d:00.0,4,"OK",4096,"latency","D2H",50,4,"gpu2-cpu48-src4-dst4-d2h-only",-1,4,4,0,"d2h-only","4:1","4:1","4:1",9.97,10.074,10.415,10.735,0.661,12.584,10.4492,0.470177,0.303139,0.355358,0.36627,0.378668,0.0233099,0.382618,0.365758,0.0153173,0.39328,4.752
0,"w23g0007.hpc.itc.rwth-aachen.de",48,"48",4,2,0000:9d:00.0,4,"NOT_RUN (d2h-only)",67108864,"bandwidth","H2D",50,4,"gpu2-cpu48-src4-dst4-d2h-only",-1,4,4,0,"d2h-only","4:16384","4:16384","4:16384",0,0,0,0,0,0,0,0,0,0,0,0,0,0,0,0,0,0
0,"w23g0007.hpc.itc.rwth-aachen.de",48,"48",4,2,0000:9d:00.0,4,"OK",67108864,"bandwidth","D2H",50,4,"gpu2-cpu48-src4-dst4-d2h-only",-1,4,4,0,"d2h-only","4:16384","4:16384","4:16384",1511.88,1520.4,1522.71,1525.98,5.58225,2751.66,1547,172.136,22.7136,40.9572,41.0452,41.1076,0.150377,41.3393,40.6866,2.56965,44.0719,1516.11
0,"w23g0007.hpc.itc.rwth-aachen.de",48,"48",4,2,0000:9d:00.0,4,"NOT_RUN (d2h-only)",268435456,"bandwidth","H2D",50,4,"gpu2-cpu48-src4-dst4-d2h-only",-1,4,4,0,"d2h-only","4:65536","4:65536","4:65536",0,0,0,0,0,0,0,0,0,0,0,0,0,0,0,0,0,0
0,"w23g0007.hpc.itc.rwth-aachen.de",48,"48",4,2,0000:9d:00.0,4,"OK",268435456,"bandwidth","D2H",50,4,"gpu2-cpu48-src4-dst4-d2h-only",-1,4,4,0,"d2h-only","4:65536","4:65536","4:65536",6134.56,6146.18,6150.77,6154.27,8.08725,6164.99,6150.2,6.23053,40.5516,40.6222,40.6453,40.6756,0.0534514,40.7527,40.6491,0.0411892,43.6426,6144.27
