rank,hostname,cpu_id,cpu_affinity,cpu_numa_node,gpu_id,gpu_pci_bus_id,gpu_pci_numa_node,status,payload_bytes,payload_type,direction,iters,host_buf_numa_node,variant,page_policy,reg_mode,src_pages,dst_pages,dst_pages_after,lat_min_us,lat_p25_us,lat_median_us,lat_p75_us,lat_iqr_us,lat_max_us,lat_mean_us,lat_stddev_us,bw_gibs_min,bw_gibs_p25,bw_gibs_median,bw_gibs_p75,bw_gibs_iqr,bw_gibs_max,bw_gibs_mean,bw_gibs_stddev,bw_gbps_median,gpu_dma_time_median_us
0,"n23g0004.hpc.itc.rwth-aachen.de",0,"0,1,2,3,4,5,6,7,8,9,10,11",0,0,0000:1b:00.0,0,"OK",4096,"latency","H2D",50,0,"fwd-n0-auto",-1,0,"0:1","0:1","0:1",10.294,10.6837,10.8675,11.012,0.32825,13.516,10.9286,0.525046,0.282236,0.346413,0.351019,0.357057,0.0106438,0.370575,0.349769,0.014933,0.376904,5.216
0,"n23g0004.hpc.itc.rwth-aachen.de",0,"0,1,2,3,4,5,6,7,8,9,10,11",0,0,0000:1b:00.0,0,"OK",4096,"latency","D2H",50,0,"fwd-n0-auto",-1,0,"0:1","0:1","0:1",10.277,10.4897,10.6685,10.7845,0.29475,19.251,10.8132,1.22625,0.198156,0.35372,0.357567,0.36366,0.00993917,0.371188,0.355443,0.0236885,0.383935,5.056
0,"n23g0004.hpc.itc.rwth-aachen.de",0,"0,1,2,3,4,5,6,7,8,9,10,11",0,0,0000:1b:00.0,0,"OK",67108864,"bandwidth","H2D",50,0,"fwd-n0-auto",-1,0,"0:16384","0:16384","0:16384",1218.06,1218.8,1219.58,1219.86,1.06325,1222.45,1219.47,0.949455,51.1269,51.2354,51.247,51.2801,0.0446966,51.3109,51.2518,0.0398697,55.0261,1213.49
0,"n23g0004.hpc.itc.rwth-aachen.de",0,"0,1,2,3,4,5,6,7,8,9,10,11",0,0,0000:1b:00.0,0,"OK",67108864,"bandwidth","D2H",50,0,"fwd-n0-auto",-1,0,"0:16384","0:16384","0:16384",1543.25,1551.52,1554.31,1557.11,5.58375,1562.34,1554.2,4.14705,40.004,40.1386,40.2109,40.283,0.144455,40.4988,40.2139,0.107362,43.1761,1548.16
0,"n23g0004.hpc.itc.rwth-aachen.de",0,"0,1,2,3,4,5,6,7,8,9,10,11",0,0,0000:1b:00.0,0,"OK",268435456,"bandwidth","H2D",50,0,"fwd-n0-auto",-1,0,"0:65536","0:65536","0:65536",4840.3,4841.02,4841.49,4843.14,2.1175,4848.47,4842.26,1.88403,51.5626,51.6194,51.6369,51.642,0.0225787,51.6497,51.6288,0.0200769,55.4447,4835.36
0,"n23g0004.hpc.itc.rwth-aachen.de",0,"0,1,2,3,4,5,6,7,8,9,10,11",0,0,0000:1b:00.0,0,"OK",268435456,"bandwidth","D2H",50,0,"fwd-n0-auto",-1,0,"0:65536","0:65536","0:65536",6260.87,6270.25,6275.45,6281.75,11.4997,6299.76,6276.51,9.03766,39.6841,39.7978,39.8378,39.8708,0.0729898,39.9306,39.8311,0.0573069,42.7755,6269.41
0,"n23g0004.hpc.itc.rwth-aachen.de",12,"12,13,14,15,16,17,18,19,20,21,22,23",1,0,0000:1b:00.0,0,"OK",4096,"latency","H2D",50,1,"fwd-n1-auto",-1,0,"1:1","1:1","1:1",10.357,10.8302,11.0135,11.2043,0.374,13.309,11.0773,0.467034,0.286625,0.340471,0.346366,0.352226,0.0117551,0.368321,0.344935,0.0134767,0.371907,5.232
0,"n23g0004.hpc.itc.rwth-aachen.de",12,"12,13,14,15,16,17,18,19,20,21,22,23",1,0,0000:1b:00.0,0,"OK",4096,"latency","D2H",50,1,"fwd-n1-auto",-1,0,"1:1","1:1","1:1",10.404,10.6382,10.8015,10.9067,0.2685,18.802,11.3857,2.14153,0.202888,0.349756,0.353164,0.358583,0.00882741,0.366657,0.34278,0.0412455,0.379207,5.056
0,"n23g0004.hpc.itc.rwth-aachen.de",12,"12,13,14,15,16,17,18,19,20,21,22,23",1,0,0000:1b:00.0,0,"OK",67108864,"bandwidth","H2D",50,1,"fwd-n1-auto",-1,0,"1:16384","1:16384","1:16384",1410.2,1415.01,1416.6,1418.64,3.63275,1422.18,1416.68,2.77787,43.9465,44.0562,44.1197,44.1694,0.113105,44.32,44.1173,0.0865284,47.3731,1410.53
0,"n23g0004.hpc.itc.rwth-aachen.de",12,"12,13,14,15,16,17,18,19,20,21,22,23",1,0,0000:1b:00.0,0,"OK",67108864,"bandwidth","D2H",50,1,"fwd-n1-auto",-1,0,"1:16384","1:16384","1:16384",1548.94,1555.81,1559.08,1561.53,5.71675,1567.74,1558.83,4.31598,39.8663,40.0248,40.0877,40.1719,0.147069,40.3501,40.0944,0.111034,43.0439,1552.67
0,"n23g0004.hpc.itc.rwth-aachen.de",12,"12,13,14,15,16,17,18,19,20,21,22,23",1,0,0000:1b:00.0,0,"OK",268435456,"bandwidth","H2D",50,1,"fwd-n1-auto",-1,0,"1:65536","1:65536","1:65536",5616.52,5627.59,5633.78,5637.71,10.1222,5647.44,5632.58,7.02567,44.2678,44.3443,44.3751,44.424,0.0797618,44.5116,44.3847,0.0553823,47.6474,5627.36
0,"n23g0004.hpc.itc.rwth-aachen.de",12,"12,13,14,15,16,17,18,19,20,21,22,23",1,0,0000:1b:00.0,0,"OK",268435456,"bandwidth","D2H",50,1,"fwd-n1-auto",-1,0,"1:65536","1:65536","1:65536",6223.3,6237.1,6239.99,6243.11,6.0165,6254.67,6239.95,6.33187,39.9701,40.0441,40.0641,40.0828,0.0386279,40.1716,40.0645,0.0406641,43.0186,6233.68
0,"n23g0004.hpc.itc.rwth-aachen.de",26,"24,25,26,27,28,29,30,31,32,33,34,35",2,0,0000:1b:00.0,0,"OK",4096,"latency","H2D",50,2,"fwd-n2-auto",-1,0,"2:1","2:1","2:1",10.585,10.9622,11.106,11.3128,0.3505,13.423,11.1765,0.420998,0.284191,0.337203,0.343481,0.347985,0.0107816,0.360387,0.341752,0.0116956,0.36881,5.248
0,"n23g0004.hpc.itc.rwth-aachen.de",26,"24,25,26,27,28,29,30,31,32,33,34,35",2,0,0000:1b:00.0,0,"OK",4096,"latency","D2H",50,2,"fwd-n2-auto",-1,0,"2:1","2:1","2:1",10.4,10.587,10.787,10.9772,0.39025,18.701,11.1152,1.56346,0.203984,0.34751,0.353638,0.360319,0.0128095,0.366798,0.347472,0.0306218,0.379716,5.04
0,"n23g0004.hpc.itc.rwth-aachen.de",26,"24,25,26,27,28,29,30,31,32,33,34,35",2,0,0000:1b:00.0,0,"OK",67108864,"bandwidth","H2D",50,2,"fwd-n2-auto",-1,0,"2:16384","2:16384","2:16384",1612.41,1615.35,1616.85,1617.82,2.47075,1620.18,1616.54,1.80504,38.5759,38.6322,38.6554,38.6912,0.0590893,38.7619,38.663,0.0431802,41.5059,1610.75
0,"n23g0004.hpc.itc.rwth-aachen.de",26,"24,25,26,27,28,29,30,31,32,33,34,35",2,0,0000:1b:00.0,0,"OK",67108864,"bandwidth","D2H",50,2,"fwd-n2-auto",-1,0,"2:16384","2:16384","2:16384",2186.11,2189.41,2190.87,2192.03,2.615,2197.31,2191.19,2.62267,28.4438,28.5124,28.5275,28.5465,0.0340549,28.5896,28.5233,0.0341186,30.6311,2184.66
0,"n23g0004.hpc.itc.rwth-aachen.de",26,"24,25,26,27,28,29,30,31,32,33,34,35",2,0,0000:1b:00.0,0,"OK",268435456,"bandwidth","H2D",50,2,"fwd-n2-auto",-1,0,"2:65536","2:65536","2:65536",6420.8,6426.83,6429.96,6433.48,6.64675,6440.69,6430.18,4.62741,38.8157,38.8592,38.8805,38.8994,0.0401889,38.936,38.8792,0.0279749,41.7476,6424.05
0,"n23g0004.hpc.itc.rwth-aachen.de",26,"24,25,26,27,28,29,30,31,32,33,34,35",2,0,0000:1b:00.0,0,"OK",268435456,"bandwidth","D2H",50,2,"fwd-n2-auto",-1,0,"2:65536","2:65536","2:65536",8712.02,8720.79,8724.12,8728.15,7.3585,8738.1,8724.17,5.84484,28.6103,28.6429,28.6562,28.6671,0.0241686,28.696,28.656,0.0191985,30.7694,8717.9
0,"n23g0004.hpc.itc.rwth-aachen.de",36,"36,37,38,39,40,41,42,43,44,45,46,47",3,0,0000:1b:00.0,0,"OK",4096,"latency","H2D",50,3,"fwd-n3-auto",-1,0,"3:1","3:1","3:1",10.517,11.0087,11.123,11.2808,0.272,13.614,11.2777,0.548696,0.280204,0.33816,0.342956,0.346515,0.00835505,0.362717,0.338962,0.0146236,0.368246,5.312
0,"n23g0004.hpc.itc.rwth-aachen.de",36,"36,37,38,39,40,41,42,43,44,45,46,47",3,0,0000:1b:00.0,0,"OK",4096,"latency","D2H",50,3,"fwd-n3-auto",-1,0,"3:1","3:1","3:1",10.401,10.7785,10.9825,11.3448,0.56625,19.053,11.3333,1.60875,0.200215,0.336253,0.347344,0.353918,0.0176646,0.366763,0.340883,0.0305499,0.372957,5.088
0,"n23g0004.hpc.itc.rwth-aachen.de",36,"36,37,38,39,40,41,42,43,44,45,46,47",3,0,0000:1b:00.0,0,"OK",67108864,"bandwidth","H2D",50,3,"fwd-n3-auto",-1,0,"3:16384","3:16384","3:16384",1959.53,1962.06,1963.57,1964.89,2.82975,1968.91,1963.68,2.06476,31.7434,31.8083,31.8297,31.8542,0.0458749,31.8954,31.8281,0.0334518,34.1769,1957.23
0,"n23g0004.hpc.itc.rwth-aachen.de",36,"36,37,38,39,40,41,42,43,44,45,46,47",3,0,0000:1b:00.0,0,"OK",67108864,"bandwidth","D2H",50,3,"fwd-n3-auto",-1,0,"3:16384","3:16384","3:16384",1830.01,1834.26,1836.44,1838.34,4.07575,1841.64,1836.13,3.04932,33.9372,33.9981,34.0332,34.0737,0.0755441,34.1529,34.0391,0.0565379,36.5429,1829.6
0,"n23g0004.hpc.itc.rwth-aachen.de",36,"36,37,38,39,40,41,42,43,44,45,46,47",3,0,0000:1b:00.0,0,"OK",268435456,"bandwidth","H2D",50,3,"fwd-n3-auto",-1,0,"3:65536","3:65536","3:65536",7809.12,7819.01,7821.87,7825.76,6.74975,7833.9,7821.79,5.65454,31.9126,31.9458,31.9617,31.9733,0.0275771,32.0138,31.962,0.0231093,34.3186,7815.15
0,"n23g0004.hpc.itc.rwth-aachen.de",36,"36,37,38,39,40,41,42,43,44,45,46,47",3,0,0000:1b:00.0,0,"OK",268435456,"bandwidth","D2H",50,3,"fwd-n3-auto",-1,0,"3:65536","3:65536","3:65536",7292.73,7305,7308.41,7314.72,9.7155,7320.51,7309.46,6.35399,34.1506,34.1777,34.2072,34.2231,0.0454554,34.2807,34.2023,0.0297372,36.7297,7301.92
0,"n23g0004.hpc.itc.rwth-aachen.de",13,"12,13,14,15,16,17,18,19,20,21,22,23",1,0,0000:1b:00.0,0,"OK",4096,"latency","H2D",50,2,"fwd-n1-p2",2,0,"2:1","2:1","2:1",10.526,10.9555,11.0755,11.1695,0.214,16.4,11.2548,0.878293,0.232603,0.341528,0.344427,0.348199,0.00667103,0.362407,0.340505,0.0202316,0.369826,5.344
0,"n23g0004.hpc.itc.rwth-aachen.de",13,"12,13,14,15,16,17,18,19,20,21,22,23",1,0,0000:1b:00.0,0,"OK",4096,"latency","D2H",50,2,"fwd-n1-p2",2,0,"2:1","2:1","2:1",10.436,10.714,10.864,11.1937,0.47975,19.279,11.6112,2.26296,0.197868,0.340788,0.351132,0.356048,0.01526,0.365533,0.336873,0.0430499,0.377025,5.184
0,"n23g0004.hpc.itc.rwth-aachen.de",13,"12,13,14,15,16,17,18,19,20,21,22,23",1,0,0000:1b:00.0,0,"OK",67108864,"bandwidth","H2D",50,2,"fwd-n1-p2",2,0,"2:16384","2:16384","2:16384",1614.22,1616.71,1617.95,1619.26,2.55125,1622.99,1618.13,2.20139,38.5091,38.5979,38.6291,38.6588,0.0609094,38.7184,38.6248,0.052519,41.4777,1611.6
0,"n23g0004.hpc.itc.rwth-aachen.de",13,"12,13,14,15,16,17,18,19,20,21,22,23",1,0,0000:1b:00.0,0,"OK",67108864,"bandwidth","D2H",50,2,"fwd-n1-p2",2,0,"2:16384","2:16384","2:16384",2144.41,2150.21,2151.05,2151.89,1.68825,2155.64,2151.03,1.95863,28.9937,29.0442,29.0556,29.067,0.0228043,29.1456,29.0559,0.0264774,31.1983,2144.75
0,"n23g0004.hpc.itc.rwth-aachen.de",13,"12,13,14,15,16,17,18,19,20,21,22,23",1,0,0000:1b:00.0,0,"OK",268435456,"bandwidth","H2D",50,2,"fwd-n1-p2",2,0,"2:65536","2:65536","2:65536",6425.91,6437.65,6441.18,6443.88,6.22975,6451.24,6441,4.57039,38.7522,38.7965,38.8128,38.8341,0.037544,38.905,38.8138,0.0275518,41.6749,6434.8
0,"n23g0004.hpc.itc.rwth-aachen.de",13,"12,13,14,15,16,17,18,19,20,21,22,23",1,0,0000:1b:00.0,0,"OK",268435456,"bandwidth","D2H",50,2,"fwd-n1-p2",2,0,"2:65536","2:65536","2:65536",8560.72,8565.69,8568.64,8571.13,5.44825,8573.93,8568.21,3.40622,29.1582,29.1677,29.1762,29.1862,0.0185523,29.2032,29.1776,0.0116006,31.3277,8562.27
0,"n23g0004.hpc.itc.rwth-aachen.de",27,"24,25,26,27,28,29,30,31,32,33,34,35",2,0,0000:1b:00.0,0,"OK",4096,"latency","H2D",50,1,"fwd-n2-p1",1,0,"1:1","1:1","1:1",10.374,10.7218,10.849,10.9507,0.229,13.202,10.9431,0.448368,0.288948,0.34835,0.351617,0.355791,0.00744024,0.367717,0.349127,0.0130412,0.377546,5.12
0,"n23g0004.hpc.itc.rwth-aachen.de",27,"24,25,26,27,28,29,30,31,32,33,34,35",2,0,0000:1b:00.0,0,"OK",4096,"latency","D2H",50,1,"fwd-n2-p1",1,0,"1:1","1:1","1:1",10.291,10.503,10.6625,10.838,0.335,11.518,10.7036,0.260384,0.331194,0.351974,0.357768,0.363201,0.0112264,0.370683,0.3566,0.00845933,0.38415,5.056
0,"n23g0004.hpc.itc.rwth-aachen.de",27,"24,25,26,27,28,29,30,31,32,33,34,35",2,0,0000:1b:00.0,0,"OK",67108864,"bandwidth","H2D",50,1,"fwd-n2-p1",1,0,"1:16384","1:16384","1:16384",1413.24,1417.3,1418.5,1420,2.6975,1424.48,1418.65,2.1213,43.8757,44.014,44.0606,44.0978,0.0837702,44.2245,44.056,0.0658562,47.3097,1412.38
0,"n23g0004.hpc.itc.rwth-aachen.de",27,"24,25,26,27,28,29,30,31,32,33,34,35",2,0,0000:1b:00.0,0,"OK",67108864,"bandwidth","D2H",50,1,"fwd-n2-p1",1,0,"1:16384","1:16384","1:16384",1519.77,1530.78,1534.93,1536.38,5.60175,1538.95,1533.52,4.17057,40.6121,40.68,40.7185,40.8289,0.148874,41.1247,40.7562,0.111194,43.7211,1528.88
0,"n23g0004.hpc.itc.rwth-aachen.de",27,"24,25,26,27,28,29,30,31,32,33,34,35",2,0,0000:1b:00.0,0,"OK",268435456,"bandwidth","H2D",50,1,"fwd-n2-p1",1,0,"1:65536","1:65536","1:65536",5624.12,5631.23,5634.48,5639.35,8.11725,5648.9,5635.12,6.26682,44.2564,44.3314,44.3696,44.3953,0.0639022,44.4514,44.3647,0.0493188,47.6415,5628.05
0,"n23g0004.hpc.itc.rwth-aachen.de",27,"24,25,26,27,28,29,30,31,32,33,34,35",2,0,0000:1b:00.0,0,"OK",268435456,"bandwidth","D2H",50,1,"fwd-n2-p1",1,0,"1:65536","1:65536","1:65536",6127.19,6139.06,6144.14,6146.92,7.85875,6159.13,6143.85,6.76638,40.5901,40.6708,40.6892,40.7228,0.0520636,40.8018,40.6912,0.0448221,43.6896,6137.68
0,"n23g0004.hpc.itc.rwth-aachen.de",12,"12,13,14,15,16,17,18,19,20,21,22,23",1,0,0000:1b:00.0,0,"OK",4096,"latency","H2D",50,1,"fwd-n1-regP",-1,1,"1:1","1:1","1:1",10.396,10.8163,10.971,11.0977,0.2815,19.237,11.1837,1.23573,0.1983,0.343736,0.347707,0.352682,0.00894596,0.366939,0.343751,0.0244661,0.373348,5.248
0,"n23g0004.hpc.itc.rwth-aachen.de",12,"12,13,14,15,16,17,18,19,20,21,22,23",1,0,0000:1b:00.0,0,"OK",4096,"latency","D2H",50,1,"fwd-n1-regP",-1,1,"1:1","1:1","1:1",10.273,10.5425,10.7105,10.9432,0.40075,19.245,11.2121,1.91682,0.198218,0.348589,0.356165,0.36184,0.013251,0.371332,0.346529,0.0370045,0.382429,5.024
0,"n23g0004.hpc.itc.rwth-aachen.de",12,"12,13,14,15,16,17,18,19,20,21,22,23",1,0,0000:1b:00.0,0,"OK",67108864,"bandwidth","H2D",50,1,"fwd-n1-regP",-1,1,"1:16384","1:16384","1:16384",1410.2,1414.88,1416.13,1417.31,2.435,1420.93,1415.93,2.25493,43.9852,44.0976,44.1344,44.1734,0.0758916,44.3198,44.1406,0.0703132,47.3889,1409.89
0,"n23g0004.hpc.itc.rwth-aachen.de",12,"12,13,14,15,16,17,18,19,20,21,22,23",1,0,0000:1b:00.0,0,"OK",67108864,"bandwidth","D2H",50,1,"fwd-n1-regP",-1,1,"1:16384","1:16384","1:16384",1550.72,1555.28,1558.44,1560.77,5.493,1568.38,1558.09,3.8871,39.8499,40.0442,40.1042,40.1857,0.14143,40.3037,40.1134,0.100044,43.0616,1551.82
0,"n23g0004.hpc.itc.rwth-aachen.de",12,"12,13,14,15,16,17,18,19,20,21,22,23",1,0,0000:1b:00.0,0,"OK",268435456,"bandwidth","H2D",50,1,"fwd-n1-regP",-1,1,"1:65536","1:65536","1:65536",5621.19,5627.48,5631.04,5633.93,6.44725,5639.39,5631.02,4.31013,44.331,44.374,44.3968,44.4249,0.0508381,44.4746,44.3969,0.0339805,47.6707,5624.58
0,"n23g0004.hpc.itc.rwth-aachen.de",12,"12,13,14,15,16,17,18,19,20,21,22,23",1,0,0000:1b:00.0,0,"OK",268435456,"bandwidth","D2H",50,1,"fwd-n1-regP",-1,1,"1:65536","1:65536","1:65536",6230.85,6243.53,6250.49,6254.93,11.3985,6266.23,6249.61,7.47266,39.8964,39.9685,39.9969,40.0415,0.0729689,40.1229,40.0026,0.0478438,42.9463,6243.94
0,"n23g0004.hpc.itc.rwth-aachen.de",27,"24,25,26,27,28,29,30,31,32,33,34,35",2,0,0000:1b:00.0,0,"OK",4096,"latency","H2D",50,2,"fwd-n2-regP",-1,1,"2:1","2:1","2:1",10.31,10.8513,10.9845,11.268,0.41675,13.635,11.1237,0.530208,0.279772,0.33855,0.34728,0.351545,0.0129947,0.37,0.343629,0.0146332,0.372889,5.264
0,"n23g0004.hpc.itc.rwth-aachen.de",27,"24,25,26,27,28,29,30,31,32,33,34,35",2,0,0000:1b:00.0,0,"OK",4096,"latency","D2H",50,2,"fwd-n2-regP",-1,1,"2:1","2:1","2:1",10.31,10.4838,10.677,10.838,0.35425,11.506,10.6979,0.269613,0.33154,0.351974,0.357282,0.363868,0.0118934,0.37,0.356806,0.00875714,0.383628,5.056
0,"n23g0004.hpc.itc.rwth-aachen.de",27,"24,25,26,27,28,29,30,31,32,33,34,35",2,0,0000:1b:00.0,0,"OK",67108864,"bandwidth","H2D",50,2,"fwd-n2-regP",-1,1,"2:16384","2:16384","2:16384",1609.24,1615.58,1616.95,1617.99,2.411,1621.31,1616.64,2.39458,38.5492,38.6283,38.6531,38.6859,0.0576468,38.8382,38.6606,0.0573319,41.5034,1611.02
0,"n23g0004.hpc.itc.rwth-aachen.de",27,"24,25,26,27,28,29,30,31,32,33,34,35",2,0,0000:1b:00.0,0,"OK",67108864,"bandwidth","D2H",50,2,"fwd-n2-regP",-1,1,"2:16384","2:16384","2:16384",2184.86,2189.19,2191.18,2192.4,3.2115,2198.17,2191.06,2.5709,28.4328,28.5076,28.5234,28.5494,0.0418201,28.606,28.5251,0.033456,30.6268,2184.99
0,"n23g0004.hpc.itc.rwth-aachen.de",27,"24,25,26,27,28,29,30,31,32,33,34,35",2,0,0000:1b:00.0,0,"OK",268435456,"bandwidth","H2D",50,2,"fwd-n2-regP",-1,1,"2:65536","2:65536","2:65536",6421.99,6427.77,6430.3,6434.86,7.097,6448.88,6431.49,5.33403,38.7664,38.8509,38.8784,38.8938,0.0428959,38.9287,38.8713,0.0322186,41.7454,6424.16
0,"n23g0004.hpc.itc.rwth-aachen.de",27,"24,25,26,27,28,29,30,31,32,33,34,35",2,0,0000:1b:00.0,0,"OK",268435456,"bandwidth","D2H",50,2,"fwd-n2-regP",-1,1,"2:65536","2:65536","2:65536",8714.07,8722.14,8723.72,8727.21,5.07625,8740.49,8724.77,5.11894,28.6025,28.646,28.6575,28.6627,0.0166719,28.6892,28.6541,0.0168053,30.7708,8717.66
0,"n23g0004.hpc.itc.rwth-aachen.de",13,"12,13,14,15,16,17,18,19,20,21,22,23",1,0,0000:1b:00.0,0,"OK",4096,"latency","H2D",50,1,"fwd-n1-alloc",-1,3,"1:1","1:1","1:1",10.486,10.8615,11.017,11.135,0.2735,13.319,11.0862,0.434545,0.28641,0.342586,0.346256,0.351213,0.00862673,0.36379,0.344574,0.0122637,0.371789,5.248
0,"n23g0004.hpc.itc.rwth-aachen.de",13,"12,13,14,15,16,17,18,19,20,21,22,23",1,0,0000:1b:00.0,0,"OK",4096,"latency","D2H",50,1,"fwd-n1-alloc",-1,3,"1:1","1:1","1:1",10.283,10.5813,10.7565,11.069,0.48775,19.498,11.4108,2.24535,0.195646,0.344637,0.354641,0.360515,0.0158785,0.370971,0.34266,0.0426211,0.380793,5.056
0,"n23g0004.hpc.itc.rwth-aachen.de",13,"12,13,14,15,16,17,18,19,20,21,22,23",1,0,0000:1b:00.0,0,"OK",67108864,"bandwidth","H2D",50,1,"fwd-n1-alloc",-1,3,"1:16384","1:16384","1:16384",1413.14,1415.13,1416.62,1418.17,3.03775,1423.47,1416.71,2.12298,43.9067,44.0709,44.1191,44.1655,0.0946034,44.2277,44.1165,0.0660621,47.3725,1410.35
0,"n23g0004.hpc.itc.rwth-aachen.de",13,"12,13,14,15,16,17,18,19,20,21,22,23",1,0,0000:1b:00.0,0,"OK",67108864,"bandwidth","D2H",50,1,"fwd-n1-alloc",-1,3,"1:16384","1:16384","1:16384",1545.92,1553.4,1554.81,1556.44,3.034,1565.62,1554.78,3.99006,39.9204,40.1559,40.1979,40.2343,0.0784297,40.4289,40.199,0.103167,43.1621,1548.64
0,"n23g0004.hpc.itc.rwth-aachen.de",13,"12,13,14,15,16,17,18,19,20,21,22,23",1,0,0000:1b:00.0,0,"OK",268435456,"bandwidth","H2D",50,1,"fwd-n1-alloc",-1,3,"1:65536","1:65536","1:65536",5624.18,5632.81,5636.16,5638.15,5.33925,5645.97,5635.58,4.07099,44.2794,44.3408,44.3564,44.3828,0.0420299,44.4509,44.3611,0.0320486,47.6274,5629.76
0,"n23g0004.hpc.itc.rwth-aachen.de",13,"12,13,14,15,16,17,18,19,20,21,22,23",1,0,0000:1b:00.0,0,"OK",268435456,"bandwidth","D2H",50,1,"fwd-n1-alloc",-1,3,"1:65536","1:65536","1:65536",6166.29,6180.65,6184.13,6189.94,9.29025,6203.95,6184.77,7.51827,40.2969,40.3881,40.4261,40.4488,0.0607081,40.543,40.4219,0.0491309,43.4072,6177.39
0,"n23g0004.hpc.itc.rwth-aachen.de",26,"24,25,26,27,28,29,30,31,32,33,34,35",2,0,0000:1b:00.0,0,"OK",4096,"latency","H2D",50,2,"fwd-n2-alloc",-1,3,"2:1","2:1","2:1",10.416,10.9645,11.0725,11.1558,0.19125,13.438,11.1113,0.412812,0.283874,0.341949,0.34452,0.347913,0.00596452,0.366234,0.343739,0.0114571,0.369926,5.312
0,"n23g0004.hpc.itc.rwth-aachen.de",26,"24,25,26,27,28,29,30,31,32,33,34,35",2,0,0000:1b:00.0,0,"OK",4096,"latency","D2H",50,2,"fwd-n2-alloc",-1,3,"2:1","2:1","2:1",10.394,10.61,10.8405,10.993,0.383,11.551,10.8216,0.261506,0.330248,0.347012,0.351893,0.35954,0.0125288,0.36701,0.352714,0.00847891,0.377842,5.12
0,"n23g0004.hpc.itc.rwth-aachen.de",26,"24,25,26,27,28,29,30,31,32,33,34,35",2,0,0000:1b:00.0,0,"OK",67108864,"bandwidth","H2D",50,2,"fwd-n2-alloc",-1,3,"2:16384","2:16384","2:16384",1612.31,1614.68,1616.64,1618.38,3.69025,1622.74,1616.84,2.32063,38.5151,38.619,38.6605,38.7072,0.0882609,38.7643,38.6556,0.0554606,41.5114,1610.54
0,"n23g0004.hpc.itc.rwth-aachen.de",26,"24,25,26,27,28,29,30,31,32,33,34,35",2,0,0000:1b:00.0,0,"OK",67108864,"bandwidth","D2H",50,2,"fwd-n2-alloc",-1,3,"2:16384","2:16384","2:16384",2166.73,2173.6,2174.38,2175.53,1.93075,2177.65,2174.19,1.9264,28.7007,28.7287,28.7438,28.7542,0.025519,28.8453,28.7464,0.025499,30.8634,2167.92
0,"n23g0004.hpc.itc.rwth-aachen.de",26,"24,25,26,27,28,29,30,31,32,33,34,35",2,0,0000:1b:00.0,0,"OK",268435456,"bandwidth","H2D",50,2,"fwd-n2-alloc",-1,3,"2:65536","2:65536","2:65536",6424.69,6434.85,6437.07,6439.06,4.21125,6445.31,6436.61,3.89363,38.7879,38.8256,38.8375,38.851,0.0254092,38.9124,38.8404,0.0235046,41.7015,6430.77
0,"n23g0004.hpc.itc.rwth-aachen.de",26,"24,25,26,27,28,29,30,31,32,33,34,35",2,0,0000:1b:00.0,0,"OK",268435456,"bandwidth","D2H",50,2,"fwd-n2-alloc",-1,3,"2:65536","2:65536","2:65536",8639.42,8646.44,8649.09,8651.1,4.664,8656.38,8648.87,3.37473,28.8804,28.8981,28.9048,28.9136,0.015588,28.9371,28.9055,0.0112804,31.0363,8642.82
0,"n23g0004.hpc.itc.rwth-aachen.de",48,"48,49,50,51,52,53,54,55,56,57,58,59",4,2,0000:9d:00.0,4,"OK",4096,"latency","H2D",50,4,"fwd-n4-auto",-1,0,"4:1","4:1","4:1",10.28,10.8133,10.9375,11.0928,0.2795,13.554,10.979,0.464789,0.281444,0.343892,0.348772,0.35278,0.00888831,0.37108,0.348009,0.0131969,0.374491,5.28
0,"n23g0004.hpc.itc.rwth-aachen.de",48,"48,49,50,51,52,53,54,55,56,57,58,59",4,2,0000:9d:00.0,4,"OK",4096,"latency","D2H",50,4,"fwd-n4-auto",-1,0,"4:1","4:1","4:1",10.298,10.574,10.769,10.8985,0.3245,11.489,10.7573,0.252916,0.33203,0.35002,0.35423,0.360764,0.0107432,0.370431,0.354808,0.00825225,0.380351,5.12
0,"n23g0004.hpc.itc.rwth-aachen.de",48,"48,49,50,51,52,53,54,55,56,57,58,59",4,2,0000:9d:00.0,4,"OK",67108864,"bandwidth","H2D",50,4,"fwd-n4-auto",-1,0,"4:16384","4:16384","4:16384",1218,1218.84,1219.58,1219.89,1.05025,1222.09,1219.4,0.864797,51.1419,51.2343,51.2473,51.2784,0.0441476,51.3136,51.2548,0.0363369,55.0264,1213.55
0,"n23g0004.hpc.itc.rwth-aachen.de",48,"48,49,50,51,52,53,54,55,56,57,58,59",4,2,0000:9d:00.0,4,"OK",67108864,"bandwidth","D2H",50,4,"fwd-n4-auto",-1,0,"4:16384","4:16384","4:16384",1542.05,1550.39,1553.68,1556.78,6.387,1564.72,1553.33,5.00823,39.9432,40.147,40.227,40.3123,0.165389,40.5304,40.2367,0.129806,43.1934,1547.38
0,"n23g0004.hpc.itc.rwth-aachen.de",48,"48,49,50,51,52,53,54,55,56,57,58,59",4,2,0000:9d:00.0,4,"OK",268435456,"bandwidth","H2D",50,4,"fwd-n4-auto",-1,0,"4:65536","4:65536","4:65536",4839.75,4840.9,4841.3,4842.15,1.25425,4845.25,4841.65,1.23532,51.5969,51.6299,51.639,51.6433,0.013377,51.6556,51.6353,0.0131707,55.4469,4835.22
0,"n23g0004.hpc.itc.rwth-aachen.de",48,"48,49,50,51,52,53,54,55,56,57,58,59",4,2,0000:9d:00.0,4,"OK",268435456,"bandwidth","D2H",50,4,"fwd-n4-auto",-1,0,"4:65536","4:65536","4:65536",6251.56,6271.11,6275.28,6280.46,9.3515,6301.77,6275.25,10.4965,39.6714,39.806,39.8389,39.8653,0.0593588,39.99,39.8392,0.066642,42.7767,6268.72
0,"n23g0004.hpc.itc.rwth-aachen.de",60,"60,61,62,63,64,65,66,67,68,69,70,71",5,2,0000:9d:00.0,4,"OK",4096,"latency","H2D",50,5,"fwd-n5-auto",-1,0,"5:1","5:1","5:1",10.462,10.99,11.1045,11.4608,0.47075,13.312,11.2042,0.431736,0.286561,0.332852,0.343527,0.347106,0.0142543,0.364624,0.340939,0.0122311,0.36886,5.296
0,"n23g0004.hpc.itc.rwth-aachen.de",60,"60,61,62,63,64,65,66,67,68,69,70,71",5,2,0000:9d:00.0,4,"OK",4096,"latency","D2H",50,5,"fwd-n5-auto",-1,0,"5:1","5:1","5:1",10.506,10.7428,10.9115,11.079,0.33625,19.126,11.0827,1.18281,0.199451,0.344319,0.349603,0.355095,0.0107765,0.363097,0.346604,0.022781,0.375384,5.12
0,"n23g0004.hpc.itc.rwth-aachen.de",60,"60,61,62,63,64,65,66,67,68,69,70,71",5,2,0000:9d:00.0,4,"OK",67108864,"bandwidth","H2D",50,5,"fwd-n5-auto",-1,0,"5:16384","5:16384","5:16384",1469.09,1473.5,1474.61,1475.7,2.20275,1479.95,1474.56,2.19205,42.2311,42.3528,42.3841,42.4161,0.0633132,42.5434,42.3855,0.0629996,45.5096,1468.35
0,"n23g0004.hpc.itc.rwth-aachen.de",60,"60,61,62,63,64,65,66,67,68,69,70,71",5,2,0000:9d:00.0,4,"OK",67108864,"bandwidth","D2H",50,5,"fwd-n5-auto",-1,0,"5:16384","5:16384","5:16384",1547.3,1553.71,1555.97,1558.02,4.311,1562.62,1555.71,3.54115,39.9971,40.1151,40.1679,40.2264,0.111305,40.393,40.1748,0.0915223,43.13,1549.73
0,"n23g0004.hpc.itc.rwth-aachen.de",60,"60,61,62,63,64,65,66,67,68,69,70,71",5,2,0000:9d:00.0,4,"OK",268435456,"bandwidth","H2D",50,5,"fwd-n5-auto",-1,0,"5:65536","5:65536","5:65536",5854.14,5860.29,5863.04,5865.94,5.65,5872.98,5863.34,4.17299,42.5678,42.6189,42.64,42.66,0.0410896,42.7049,42.6378,0.0303375,45.7844,5856.45
0,"n23g0004.hpc.itc.rwth-aachen.de",60,"60,61,62,63,64,65,66,67,68,69,70,71",5,2,0000:9d:00.0,4,"OK",268435456,"bandwidth","D2H",50,5,"fwd-n5-auto",-1,0,"5:65536","5:65536","5:65536",6237.95,6247.04,6250.26,6254.01,6.9695,6264.53,6250.48,6.01504,39.9072,39.9744,39.9983,40.019,0.0445974,40.0772,39.997,0.0384858,42.9479,6244.08
0,"n23g0004.hpc.itc.rwth-aachen.de",72,"72,73,74,75,76,77,78,79,80,81,82,83",6,2,0000:9d:00.0,4,"OK",4096,"latency","H2D",50,6,"fwd-n6-auto",-1,0,"6:1","6:1","6:1",10.402,10.9042,11.0385,11.3042,0.4,13.496,11.137,0.470124,0.282654,0.337457,0.345581,0.349836,0.0123788,0.366727,0.343081,0.0132621,0.371065,5.328
0,"n23g0004.hpc.itc.rwth-aachen.de",72,"72,73,74,75,76,77,78,79,80,81,82,83",6,2,0000:9d:00.0,4,"OK",4096,"latency","D2H",50,6,"fwd-n6-auto",-1,0,"6:1","6:1","6:1",10.335,10.5065,10.781,10.9082,0.40175,11.528,10.7573,0.253877,0.330907,0.349708,0.353836,0.36308,0.0133723,0.369105,0.354809,0.00825304,0.379928,5.12
0,"n23g0004.hpc.itc.rwth-aachen.de",72,"72,73,74,75,76,77,78,79,80,81,82,83",6,2,0000:9d:00.0,4,"OK",67108864,"bandwidth","H2D",50,6,"fwd-n6-auto",-1,0,"6:16384","6:16384","6:16384",1559.87,1563.55,1564.63,1566.18,2.62475,1568.81,1564.73,2.05597,39.839,39.9061,39.9455,39.9731,0.0669908,40.0675,39.9431,0.0524807,42.8912,1558.45
0,"n23g0004.hpc.itc.rwth-aachen.de",72,"72,73,74,75,76,77,78,79,80,81,82,83",6,2,0000:9d:00.0,4,"OK",67108864,"bandwidth","D2H",50,6,"fwd-n6-auto",-1,0,"6:16384","6:16384","6:16384",2184.33,2188.14,2189.91,2191.07,2.93175,2193.37,2189.62,2.23273,28.495,28.5249,28.54,28.5631,0.0382188,28.6129,28.5438,0.0291116,30.6446,2183.65
0,"n23g0004.hpc.itc.rwth-aachen.de",72,"72,73,74,75,76,77,78,79,80,81,82,83",6,2,0000:9d:00.0,4,"OK",268435456,"bandwidth","H2D",50,6,"fwd-n6-auto",-1,0,"6:65536","6:65536","6:65536",6219.36,6222.75,6225.49,6229.45,6.70125,6235.45,6226.17,4.0116,40.0933,40.1319,40.1575,40.1752,0.043218,40.1971,40.1531,0.0258661,43.1188,6218.8
0,"n23g0004.hpc.itc.rwth-aachen.de",72,"72,73,74,75,76,77,78,79,80,81,82,83",6,2,0000:9d:00.0,4,"OK",268435456,"bandwidth","D2H",50,6,"fwd-n6-auto",-1,0,"6:65536","6:65536","6:65536",8712.98,8721.56,8724.62,8727.95,6.397,8743,8724.58,5.44804,28.5943,28.6436,28.6545,28.6646,0.0210092,28.6928,28.6547,0.0178874,30.7676,8718.27
0,"n23g0004.hpc.itc.rwth-aachen.de",84,"84,85,86,87,88,89,90,91,92,93,94,95",7,2,0000:9d:00.0,4,"OK",4096,"latency","H2D",50,7,"fwd-n7-auto",-1,0,"7:1","7:1","7:1",10.465,10.974,11.0965,11.3262,0.35225,19.479,11.3369,1.25707,0.195836,0.336802,0.343775,0.347613,0.0108104,0.36452,0.339134,0.0242943,0.369125,5.312
0,"n23g0004.hpc.itc.rwth-aachen.de",84,"84,85,86,87,88,89,90,91,92,93,94,95",7,2,0000:9d:00.0,4,"OK",4096,"latency","D2H",50,7,"fwd-n7-auto",-1,0,"7:1","7:1","7:1",10.398,10.546,10.7955,10.9713,0.42525,12.586,10.8649,0.425619,0.303091,0.347699,0.35336,0.36172,0.0140204,0.366868,0.351604,0.0128311,0.379417,5.072
0,"n23g0004.hpc.itc.rwth-aachen.de",84,"84,85,86,87,88,89,90,91,92,93,94,95",7,2,0000:9d:00.0,4,"OK",67108864,"bandwidth","H2D",50,7,"fwd-n7-auto",-1,0,"7:16384","7:16384","7:16384",1965.33,1970.54,1971.29,1972.74,2.19575,1975.92,1971.64,2.05355,31.6308,31.6819,31.7052,31.7172,0.0353027,31.8012,31.6995,0.0330196,34.0432,1965.06
0,"n23g0004.hpc.itc.rwth-aachen.de",84,"84,85,86,87,88,89,90,91,92,93,94,95",7,2,0000:9d:00.0,4,"OK",67108864,"bandwidth","D2H",50,7,"fwd-n7-auto",-1,0,"7:16384","7:16384","7:16384",1822.13,1831.12,1832.74,1834.29,3.172,1854.65,1832.65,4.24239,33.6991,34.0731,34.1019,34.1321,0.059024,34.3004,34.1038,0.0785437,36.6166,1826.21
0,"n23g0004.hpc.itc.rwth-aachen.de",84,"84,85,86,87,88,89,90,91,92,93,94,95",7,2,0000:9d:00.0,4,"OK",268435456,"bandwidth","H2D",50,7,"fwd-n7-auto",-1,0,"7:65536","7:65536","7:65536",7842.07,7847.4,7850.9,7853.84,6.44225,7863.6,7850.99,5.04236,31.792,31.8316,31.8435,31.8577,0.0261318,31.8794,31.8431,0.0204491,34.1917,7844.62
0,"n23g0004.hpc.itc.rwth-aachen.de",84,"84,85,86,87,88,89,90,91,92,93,94,95",7,2,0000:9d:00.0,4,"OK",268435456,"bandwidth","D2H",50,7,"fwd-n7-auto",-1,0,"7:65536","7:65536","7:65536",7284.44,7293.12,7297.4,7301.22,8.096,7310.07,7297.01,6.45963,34.1994,34.2409,34.2588,34.2789,0.0380105,34.3197,34.2606,0.0303298,36.7851,7290.83
0,"n23g0004.hpc.itc.rwth-aachen.de",60,"60,61,62,63,64,65,66,67,68,69,70,71",5,2,0000:9d:00.0,4,"OK",4096,"latency","H2D",50,6,"fwd-n5-p6",6,0,"6:1","6:1","6:1",10.369,10.495,10.78,10.9138,0.41875,14.058,10.8974,0.760938,0.271354,0.349532,0.353868,0.363478,0.0139452,0.367894,0.351463,0.0202214,0.379963,5.024
0,"n23g0004.hpc.itc.rwth-aachen.de",60,"60,61,62,63,64,65,66,67,68,69,70,71",5,2,0000:9d:00.0,4,"OK",4096,"latency","D2H",50,6,"fwd-n5-p6",6,0,"6:1","6:1","6:1",10.36,10.608,10.8885,11.1093,0.50125,19.371,12.1301,3.02364,0.196928,0.343381,0.350342,0.359607,0.0162263,0.368214,0.328571,0.0566586,0.376177,5.184
0,"n23g0004.hpc.itc.rwth-aachen.de",60,"60,61,62,63,64,65,66,67,68,69,70,71",5,2,0000:9d:00.0,4,"OK",67108864,"bandwidth","H2D",50,6,"fwd-n5-p6",6,0,"6:16384","6:16384","6:16384",1563.15,1566.45,1567.81,1569.55,3.09725,1572.96,1567.97,2.03289,39.7339,39.8204,39.8646,39.8992,0.0787347,39.9835,39.8604,0.0516719,42.8043,1561.46
0,"n23g0004.hpc.itc.rwth-aachen.de",60,"60,61,62,63,64,65,66,67,68,69,70,71",5,2,0000:9d:00.0,4,"OK",67108864,"bandwidth","D2H",50,6,"fwd-n5-p6",6,0,"6:16384","6:16384","6:16384",2148.54,2150.23,2151,2152.34,2.11075,2154.59,2151.27,1.37108,29.0078,29.0381,29.0562,29.0667,0.028505,29.0895,29.0526,0.0185134,31.1989,2144.8
0,"n23g0004.hpc.itc.rwth-aachen.de",60,"60,61,62,63,64,65,66,67,68,69,70,71",5,2,0000:9d:00.0,4,"OK",268435456,"bandwidth","H2D",50,6,"fwd-n5-p6",6,0,"6:65536","6:65536","6:65536",6217.34,6229.96,6233.95,6236.3,6.33775,6246.51,6232.81,5.28532,40.0223,40.0879,40.103,40.1287,0.0407815,40.2101,40.1104,0.0340282,43.0603,6227.68
0,"n23g0004.hpc.itc.rwth-aachen.de",60,"60,61,62,63,64,65,66,67,68,69,70,71",5,2,0000:9d:00.0,4,"OK",268435456,"bandwidth","D2H",50,6,"fwd-n5-p6",6,0,"6:65536","6:65536","6:65536",8560.49,8566.19,8568.25,8570.63,4.436,8574.46,8568.22,3.30324,29.1564,29.1694,29.1775,29.1845,0.0151054,29.2039,29.1776,0.01125,31.3291,8561.76
0,"n23g0004.hpc.itc.rwth-aachen.de",72,"72,73,74,75,76,77,78,79,80,81,82,83",6,2,0000:9d:00.0,4,"OK",4096,"latency","H2D",50,5,"fwd-n6-p5",5,0,"5:1","5:1","5:1",10.276,10.785,10.9085,11.0535,0.2685,13.541,10.9765,0.479527,0.281715,0.345112,0.3497,0.353704,0.00859179,0.371224,0.348126,0.0136804,0.375487,5.184
0,"n23g0004.hpc.itc.rwth-aachen.de",72,"72,73,74,75,76,77,78,79,80,81,82,83",6,2,0000:9d:00.0,4,"OK",4096,"latency","D2H",50,5,"fwd-n6-p5",5,0,"5:1","5:1","5:1",10.357,10.5213,10.6925,10.916,0.39475,14.171,10.7916,0.53318,0.26919,0.349459,0.356764,0.362571,0.0131115,0.368321,0.354187,0.0142604,0.383072,5.088
0,"n23g0004.hpc.itc.rwth-aachen.de",72,"72,73,74,75,76,77,78,79,80,81,82,83",6,2,0000:9d:00.0,4,"OK",67108864,"bandwidth","H2D",50,5,"fwd-n6-p5",5,0,"5:16384","5:16384","5:16384",1471.39,1475.14,1476.35,1477.74,2.59975,1480.77,1476.24,2.02299,42.2077,42.2943,42.334,42.3688,0.0745386,42.477,42.3375,0.0580449,45.4558,1470.26
0,"n23g0004.hpc.itc.rwth-aachen.de",72,"72,73,74,75,76,77,78,79,80,81,82,83",6,2,0000:9d:00.0,4,"OK",67108864,"bandwidth","D2H",50,5,"fwd-n6-p5",5,0,"5:16384","5:16384","5:16384",1527.75,1533.76,1537.2,1539.82,6.05525,1546.53,1536.98,4.23624,40.4129,40.5893,40.6583,40.7495,0.160246,40.9099,40.6644,0.112107,43.6565,1530.54
0,"n23g0004.hpc.itc.rwth-aachen.de",72,"72,73,74,75,76,77,78,79,80,81,82,83",6,2,0000:9d:00.0,4,"OK",268435456,"bandwidth","H2D",50,5,"fwd-n6-p5",5,0,"5:65536","5:65536","5:65536",5857.06,5861.98,5865.51,5868.78,6.79475,5880.36,5865.78,4.91504,42.5144,42.5983,42.6221,42.6477,0.0493769,42.6836,42.6201,0.0356959,45.7651,5858.99
0,"n23g0004.hpc.itc.rwth-aachen.de",72,"72,73,74,75,76,77,78,79,80,81,82,83",6,2,0000:9d:00.0,4,"OK",268435456,"bandwidth","D2H",50,5,"fwd-n6-p5",5,0,"5:65536","5:65536","5:65536",6145.06,6151.93,6156.19,6162.24,10.3072,6171.23,6156.82,6.46528,40.5105,40.5697,40.6095,40.6377,0.0679724,40.6831,40.6054,0.0426351,43.6042,6149.9
0,"n23g0004.hpc.itc.rwth-aachen.de",60,"60,61,62,63,64,65,66,67,68,69,70,71",5,2,0000:9d:00.0,4,"OK",4096,"latency","H2D",50,5,"fwd-n5-alloc",-1,3,"5:1","5:1","5:1",10.355,10.9207,11.1355,11.3905,0.46975,19.119,11.3793,1.34776,0.199524,0.334902,0.342571,0.349307,0.0144056,0.368392,0.338376,0.0269326,0.367833,5.312
0,"n23g0004.hpc.itc.rwth-aachen.de",60,"60,61,62,63,64,65,66,67,68,69,70,71",5,2,0000:9d:00.0,4,"OK",4096,"latency","D2H",50,5,"fwd-n5-alloc",-1,3,"5:1","5:1","5:1",10.365,10.5983,10.836,11.0422,0.444,18.78,10.9919,1.14874,0.203126,0.345467,0.35204,0.359937,0.0144698,0.368036,0.349401,0.0228557,0.378,5.056
0,"n23g0004.hpc.itc.rwth-aachen.de",60,"60,61,62,63,64,65,66,67,68,69,70,71",5,2,0000:9d:00.0,4,"OK",67108864,"bandwidth","H2D",50,5,"fwd-n5-alloc",-1,3,"5:16384","5:16384","5:16384",1465.82,1472.62,1473.79,1475.45,2.826,1480.05,1474,2.37587,42.2282,42.3599,42.4077,42.4412,0.0812893,42.6382,42.4018,0.0683927,45.5349,1467.71
0,"n23g0004.hpc.itc.rwth-aachen.de",60,"60,61,62,63,64,65,66,67,68,69,70,71",5,2,0000:9d:00.0,4,"OK",67108864,"bandwidth","D2H",50,5,"fwd-n5-alloc",-1,3,"5:16384","5:16384","5:16384",1561.11,1569.63,1574.51,1579.7,10.0673,1584.66,1574.09,6.17108,39.4405,39.5645,39.6949,39.8183,0.253758,40.0357,39.706,0.155738,42.6221,1567.84
0,"n23g0004.hpc.itc.rwth-aachen.de",60,"60,61,62,63,64,65,66,67,68,69,70,71",5,2,0000:9d:00.0,4,"OK",268435456,"bandwidth","H2D",50,5,"fwd-n5-alloc",-1,3,"5:65536","5:65536","5:65536",5848.09,5860.73,5862.85,5864.66,3.93675,5874.46,5862.23,4.61276,42.5571,42.6282,42.6414,42.6568,0.0286341,42.749,42.6459,0.0335674,45.7859,5856.37
0,"n23g0004.hpc.itc.rwth-aachen.de",60,"60,61,62,63,64,65,66,67,68,69,70,71",5,2,0000:9d:00.0,4,"OK",268435456,"bandwidth","D2H",50,5,"fwd-n5-alloc",-1,3,"5:65536","5:65536","5:65536",6192.69,6204.34,6209.16,6214.53,10.194,6291.73,6211.03,13.4167,39.7347,40.2283,40.2631,40.2944,0.0660969,40.3702,40.2512,0.0861593,43.2321,6202.62
0,"n23g0004.hpc.itc.rwth-aachen.de",72,"72,73,74,75,76,77,78,79,80,81,82,83",6,2,0000:9d:00.0,4,"OK",4096,"latency","H2D",50,6,"fwd-n6-alloc",-1,3,"6:1","6:1","6:1",10.33,10.9,10.9995,11.119,0.219,17.648,11.3155,1.24214,0.216155,0.343079,0.346807,0.349972,0.00689299,0.369283,0.340006,0.0265188,0.372381,5.312
0,"n23g0004.hpc.itc.rwth-aachen.de",72,"72,73,74,75,76,77,78,79,80,81,82,83",6,2,0000:9d:00.0,4,"OK",4096,"latency","D2H",50,6,"fwd-n6-alloc",-1,3,"6:1","6:1","6:1",10.277,10.4445,10.6095,10.7865,0.342,19.166,10.9546,1.6274,0.199035,0.353655,0.359555,0.365235,0.0115807,0.371188,0.352899,0.0316135,0.38607,5.056
0,"n23g0004.hpc.itc.rwth-aachen.de",72,"72,73,74,75,76,77,78,79,80,81,82,83",6,2,0000:9d:00.0,4,"OK",67108864,"bandwidth","H2D",50,6,"fwd-n6-alloc",-1,3,"6:16384","6:16384","6:16384",1561.75,1564.66,1565.82,1567.15,2.49225,1570.01,1565.92,1.93347,39.8087,39.8812,39.9153,39.9447,0.0635243,40.0192,39.9126,0.0492815,42.8587,1559.74
0,"n23g0004.hpc.itc.rwth-aachen.de",72,"72,73,74,75,76,77,78,79,80,81,82,83",6,2,0000:9d:00.0,4,"OK",67108864,"bandwidth","D2H",50,6,"fwd-n6-alloc",-1,3,"6:16384","6:16384","6:16384",2165.35,2168.24,2169.63,2170.58,2.33375,2175.17,2169.64,1.9785,28.7334,28.7942,28.8068,28.8252,0.0309921,28.8637,28.8067,0.0262622,30.9311,2163.46
0,"n23g0004.hpc.itc.rwth-aachen.de",72,"72,73,74,75,76,77,78,79,80,81,82,83",6,2,0000:9d:00.0,4,"OK",268435456,"bandwidth","H2D",50,6,"fwd-n6-alloc",-1,3,"6:65536","6:65536","6:65536",6221.02,6229.32,6232.17,6235.59,6.272,6241.78,6232.25,4.68015,40.0527,40.0925,40.1145,40.1328,0.0403671,40.1863,40.1139,0.0301225,43.0726,6225.55
0,"n23g0004.hpc.itc.rwth-aachen.de",72,"72,73,74,75,76,77,78,79,80,81,82,83",6,2,0000:9d:00.0,4,"OK",268435456,"bandwidth","D2H",50,6,"fwd-n6-alloc",-1,3,"6:65536","6:65536","6:65536",8630.58,8641.04,8643.54,8646.59,5.54725,8656.32,8643.18,4.86197,28.8806,28.9131,28.9233,28.9317,0.0185612,28.9668,28.9245,0.0162726,31.0562,8637.3
0,"n23g0004.hpc.itc.rwth-aachen.de",84,"84,85,86,87,88,89,90,91,92,93,94,95",7,2,0000:9d:00.0,4,"OK",4096,"latency","H2D",50,7,"rev-n7-auto",-1,0,"7:1","7:1","7:1",10.564,11.0427,11.1635,11.3657,0.323,13.323,11.2411,0.411799,0.286324,0.335631,0.341712,0.345448,0.00981706,0.361103,0.339771,0.0114826,0.36691,5.344
0,"n23g0004.hpc.itc.rwth-aachen.de",84,"84,85,86,87,88,89,90,91,92,93,94,95",7,2,0000:9d:00.0,4,"OK",4096,"latency","D2H",50,7,"rev-n7-auto",-1,0,"7:1","7:1","7:1",10.425,10.6,10.8525,10.9443,0.34425,19.554,11.1432,1.67215,0.195085,0.348557,0.351506,0.359877,0.0113199,0.365918,0.347032,0.0315166,0.377427,5.088
0,"n23g0004.hpc.itc.rwth-aachen.de",84,"84,85,86,87,88,89,90,91,92,93,94,95",7,2,0000:9d:00.0,4,"OK",67108864,"bandwidth","H2D",50,7,"rev-n7-auto",-1,0,"7:16384","7:16384","7:16384",1965.27,1968.8,1970.57,1972.51,3.70675,1977.07,1970.61,2.54741,31.6125,31.6856,31.7167,31.7452,0.059656,31.8023,31.7162,0.0409854,34.0555,1964.08
0,"n23g0004.hpc.itc.rwth-aachen.de",84,"84,85,86,87,88,89,90,91,92,93,94,95",7,2,0000:9d:00.0,4,"OK",67108864,"bandwidth","D2H",50,7,"rev-n7-auto",-1,0,"7:16384","7:16384","7:16384",1823.27,1829.1,1832.87,1834,4.90375,1837.95,1831.8,3.44195,34.0053,34.0785,34.0996,34.1698,0.0913632,34.279,34.1196,0.0641675,36.6141,1826.29
0,"n23g0004.hpc.itc.rwth-aachen.de",84,"84,85,86,87,88,89,90,91,92,93,94,95",7,2,0000:9d:00.0,4,"OK",268435456,"bandwidth","H2D",50,7,"rev-n7-auto",-1,0,"7:65536","7:65536","7:65536",7840.47,7847.09,7851.85,7854.71,7.6255,7861.24,7851.1,4.8735,31.8016,31.828,31.8396,31.859,0.0309293,31.8858,31.8427,0.0197651,34.1875,7845.14
0,"n23g0004.hpc.itc.rwth-aachen.de",84,"84,85,86,87,88,89,90,91,92,93,94,95",7,2,0000:9d:00.0,4,"OK",268435456,"bandwidth","D2H",50,7,"rev-n7-auto",-1,0,"7:65536","7:65536","7:65536",7279.03,7289.47,7293.14,7296.38,6.91025,7301.36,7292.74,5.02911,34.2402,34.2635,34.2788,34.296,0.032481,34.3452,34.2807,0.0236484,36.8066,7286.96
0,"n23g0004.hpc.itc.rwth-aachen.de",72,"72,73,74,75,76,77,78,79,80,81,82,83",6,2,0000:9d:00.0,4,"OK",4096,"latency","H2D",50,6,"rev-n6-auto",-1,0,"6:1","6:1","6:1",10.327,10.9025,11,11.3168,0.41425,13.606,11.0927,0.471739,0.280369,0.337084,0.346791,0.349892,0.0128078,0.369391,0.344455,0.0132755,0.372364,5.248
0,"n23g0004.hpc.itc.rwth-aachen.de",72,"72,73,74,75,76,77,78,79,80,81,82,83",6,2,0000:9d:00.0,4,"OK",4096,"latency","D2H",50,6,"rev-n6-auto",-1,0,"6:1","6:1","6:1",10.368,10.533,10.7815,10.9345,0.4015,19.202,10.9407,1.2105,0.198661,0.348868,0.353819,0.362167,0.0132994,0.36793,0.351234,0.0234688,0.37991,5.12
0,"n23g0004.hpc.itc.rwth-aachen.de",72,"72,73,74,75,76,77,78,79,80,81,82,83",6,2,0000:9d:00.0,4,"OK",67108864,"bandwidth","H2D",50,6,"rev-n6-auto",-1,0,"6:16384","6:16384","6:16384",1560.36,1564.33,1565.62,1566.85,2.5245,1569.6,1565.49,2.18578,39.819,39.8889,39.9202,39.9533,0.0643725,40.055,39.9237,0.0557617,42.864,1559.54
0,"n23g0004.hpc.itc.rwth-aachen.de",72,"72,73,74,75,76,77,78,79,80,81,82,83",6,2,0000:9d:00.0,4,"OK",67108864,"bandwidth","D2H",50,6,"rev-n6-auto",-1,0,"6:16384","6:16384","6:16384",2184.32,2188.16,2190.18,2192.11,3.94575,2198.84,2190.23,3.15467,28.4241,28.5113,28.5365,28.5628,0.0514123,28.613,28.5358,0.0410878,30.6408,2183.87
0,"n23g0004.hpc.itc.rwth-aachen.de",72,"72,73,74,75,76,77,78,79,80,81,82,83",6,2,0000:9d:00.0,4,"OK",268435456,"bandwidth","H2D",50,6,"rev-n6-auto",-1,0,"6:65536","6:65536","6:65536",6209.49,6221.39,6224.19,6227.9,6.5035,7462.2,6248.92,173.4,33.5022,40.142,40.1659,40.1839,0.0419621,40.2609,40.0328,0.933525,43.1278,6217.55
0,"n23g0004.hpc.itc.rwth-aachen.de",72,"72,73,74,75,76,77,78,79,80,81,82,83",6,2,0000:9d:00.0,4,"OK",268435456,"bandwidth","D2H",50,6,"rev-n6-auto",-1,0,"6:65536","6:65536","6:65536",8713.88,8721.68,8724.45,8726.89,5.202,8735.47,8724.08,4.78527,28.6189,28.6471,28.6551,28.6642,0.0170864,28.6899,28.6563,0.0157183,30.7682,8717.94
0,"n23g0004.hpc.itc.rwth-aachen.de",60,"60,61,62,63,64,65,66,67,68,69,70,71",5,2,0000:9d:00.0,4,"OK",4096,"latency","H2D",50,5,"rev-n5-auto",-1,0,"5:1","5:1","5:1",10.35,10.8358,10.9655,11.1058,0.27,13.298,11.0208,0.449349,0.286862,0.343489,0.347882,0.352047,0.00855899,0.36857,0.346661,0.0129591,0.373535,5.248
0,"n23g0004.hpc.itc.rwth-aachen.de",60,"60,61,62,63,64,65,66,67,68,69,70,71",5,2,0000:9d:00.0,4,"OK",4096,"latency","D2H",50,5,"rev-n5-auto",-1,0,"5:1","5:1","5:1",10.393,10.6188,10.8035,10.9943,0.3755,19.443,11.1464,1.69779,0.196199,0.346972,0.353099,0.359242,0.0122697,0.367045,0.347037,0.0317177,0.379137,5.088
0,"n23g0004.hpc.itc.rwth-aachen.de",60,"60,61,62,63,64,65,66,67,68,69,70,71",5,2,0000:9d:00.0,4,"OK",67108864,"bandwidth","H2D",50,5,"rev-n5-auto",-1,0,"5:16384","5:16384","5:16384",1468.73,1472.38,1473.43,1474.75,2.3735,1480.21,1473.72,2.14894,42.2237,42.3801,42.4181,42.4484,0.0683175,42.5537,42.4099,0.0617944,45.5461,1467.42
0,"n23g0004.hpc.itc.rwth-aachen.de",60,"60,61,62,63,64,65,66,67,68,69,70,71",5,2,0000:9d:00.0,4,"OK",67108864,"bandwidth","D2H",50,5,"rev-n5-auto",-1,0,"5:16384","5:16384","5:16384",1547.66,1553.8,1556.56,1558.84,5.04275,1565.98,1556.44,4.23124,39.9112,40.0938,40.1526,40.2239,0.130121,40.3836,40.1561,0.109141,43.1135,1550.19
0,"n23g0004.hpc.itc.rwth-aachen.de",60,"60,61,62,63,64,65,66,67,68,69,70,71",5,2,0000:9d:00.0,4,"OK",268435456,"bandwidth","H2D",50,5,"rev-n5-auto",-1,0,"5:65536","5:65536","5:65536",5852.97,5862.13,5864.99,5867.7,5.572,5877.91,5865.21,4.94738,42.5321,42.6061,42.6258,42.6466,0.0404975,42.7134,42.6243,0.0359539,45.7691,5858.54
0,"n23g0004.hpc.itc.rwth-aachen.de",60,"60,61,62,63,64,65,66,67,68,69,70,71",5,2,0000:9d:00.0,4,"OK",268435456,"bandwidth","D2H",50,5,"rev-n5-auto",-1,0,"5:65536","5:65536","5:65536",6227.49,6237.45,6243.63,6249.35,11.8932,6257.51,6244.1,7.23638,39.952,40.0042,40.0408,40.0805,0.0762778,40.1446,40.0378,0.0463951,42.9935,6237.22
0,"n23g0004.hpc.itc.rwth-aachen.de",48,"48,49,50,51,52,53,54,55,56,57,58,59",4,2,0000:9d:00.0,4,"OK",4096,"latency","H2D",50,4,"rev-n4-auto",-1,0,"4:1","4:1","4:1",10.36,10.8415,10.976,11.0992,0.25775,13.163,11.0027,0.450979,0.289805,0.34369,0.347549,0.351861,0.00817089,0.368214,0.347243,0.013155,0.373178,5.296
0,"n23g0004.hpc.itc.rwth-aachen.de",48,"48,49,50,51,52,53,54,55,56,57,58,59",4,2,0000:9d:00.0,4,"OK",4096,"latency","D2H",50,4,"rev-n4-auto",-1,0,"4:1","4:1","4:1",10.245,10.412,10.699,10.8603,0.44825,19.046,10.8182,1.20335,0.200289,0.351253,0.356547,0.366375,0.0151218,0.372347,0.355228,0.0237576,0.38284,5.056
0,"n23g0004.hpc.itc.rwth-aachen.de",48,"48,49,50,51,52,53,54,55,56,57,58,59",4,2,0000:9d:00.0,4,"OK",67108864,"bandwidth","H2D",50,4,"rev-n4-auto",-1,0,"4:16384","4:16384","4:16384",1217.95,1218.52,1219.51,1219.85,1.3275,1222,1219.29,0.950978,51.1457,51.2358,51.2499,51.2917,0.0558182,51.3157,51.2594,0.0399607,55.0292,1213.54
0,"n23g0004.hpc.itc.rwth-aachen.de",48,"48,49,50,51,52,53,54,55,56,57,58,59",4,2,0000:9d:00.0,4,"OK",67108864,"bandwidth","D2H",50,4,"rev-n4-auto",-1,0,"4:16384","4:16384","4:16384",1545.19,1551.31,1554.69,1557.6,6.28875,1563.42,1554.52,4.48108,39.9765,40.1259,40.201,40.2886,0.162664,40.448,40.2058,0.115947,43.1655,1548.56
0,"n23g0004.hpc.itc.rwth-aachen.de",48,"48,49,50,51,52,53,54,55,56,57,58,59",4,2,0000:9d:00.0,4,"OK",268435456,"bandwidth","H2D",50,4,"rev-n4-auto",-1,0,"4:65536","4:65536","4:65536",4839.58,4840.52,4841.22,4842.11,1.5835,4844.36,4841.47,1.19851,51.6064,51.6304,51.6399,51.6473,0.01689,51.6574,51.6372,0.0127805,55.4479,4835.28
0,"n23g0004.hpc.itc.rwth-aachen.de",48,"48,49,50,51,52,53,54,55,56,57,58,59",4,2,0000:9d:00.0,4,"OK",268435456,"bandwidth","D2H",50,4,"rev-n4-auto",-1,0,"4:65536","4:65536","4:65536",6242.95,6253.23,6255.8,6262.88,9.647,6275.21,6257.24,7.52713,39.8393,39.9177,39.9629,39.9793,0.061582,40.0452,39.9538,0.0480513,42.9098,6249.22
0,"n23g0004.hpc.itc.rwth-aachen.de",36,"36,37,38,39,40,41,42,43,44,45,46,47",3,0,0000:1b:00.0,0,"OK",4096,"latency","H2D",50,3,"rev-n3-auto",-1,0,"3:1","3:1","3:1",10.447,10.8963,11.038,11.372,0.47575,13.432,11.1604,0.438277,0.284001,0.335448,0.345597,0.350093,0.0146442,0.365148,0.342285,0.0122567,0.371082,5.248
0,"n23g0004.hpc.itc.rwth-aachen.de",36,"36,37,38,39,40,41,42,43,44,45,46,47",3,0,0000:1b:00.0,0,"OK",4096,"latency","D2H",50,3,"rev-n3-auto",-1,0,"3:1","3:1","3:1",10.345,10.5638,10.7485,10.8388,0.275,18.981,10.916,1.18106,0.200975,0.35195,0.354905,0.361112,0.00916224,0.368748,0.351934,0.0231197,0.381076,5.072
0,"n23g0004.hpc.itc.rwth-aachen.de",36,"36,37,38,39,40,41,42,43,44,45,46,47",3,0,0000:1b:00.0,0,"OK",67108864,"bandwidth","H2D",50,3,"rev-n3-auto",-1,0,"3:16384","3:16384","3:16384",1959.33,1963.29,1965.08,1966.82,3.52725,1971.02,1965.19,2.6791,31.7094,31.7772,31.8053,31.8342,0.0570909,31.8987,31.8036,0.0433592,34.1507,1958.93
0,"n23g0004.hpc.itc.rwth-aachen.de",36,"36,37,38,39,40,41,42,43,44,45,46,47",3,0,0000:1b:00.0,0,"OK",67108864,"bandwidth","D2H",50,3,"rev-n3-auto",-1,0,"3:16384","3:16384","3:16384",1827.88,1833.72,1835.67,1837.51,3.79425,1840.89,1835.47,3.0513,33.951,34.0133,34.0476,34.0837,0.0703788,34.1926,34.0512,0.0566446,36.5583,1829.17
0,"n23g0004.hpc.itc.rwth-aachen.de",36,"36,37,38,39,40,41,42,43,44,45,46,47",3,0,0000:1b:00.0,0,"OK",268435456,"bandwidth","H2D",50,3,"rev-n3-auto",-1,0,"3:65536","3:65536","3:65536",7809.14,7821.67,7823.99,7825.77,4.096,7836.99,7823.82,5.27297,31.9,31.9457,31.953,31.9625,0.0167291,32.0138,31.9537,0.0215361,34.3093,7817.87
0,"n23g0004.hpc.itc.rwth-aachen.de",36,"36,37,38,39,40,41,42,43,44,45,46,47",3,0,0000:1b:00.0,0,"OK",268435456,"bandwidth","D2H",50,3,"rev-n3-auto",-1,0,"3:65536","3:65536","3:65536",7295.1,7304.36,7308.96,7314.88,10.5155,7328.41,7309.3,6.80946,34.1138,34.1769,34.2046,34.2261,0.0492017,34.2696,34.203,0.031859,36.7269,7302.21
0,"n23g0004.hpc.itc.rwth-aachen.de",26,"24,25,26,27,28,29,30,31,32,33,34,35",2,0,0000:1b:00.0,0,"OK",4096,"latency","H2D",50,2,"rev-n2-auto",-1,0,"2:1","2:1","2:1",10.48,10.9292,11.085,11.337,0.40775,19.422,11.3392,1.2401,0.196411,0.336483,0.344132,0.349036,0.0125527,0.363998,0.338988,0.0238912,0.369509,5.28
0,"n23g0004.hpc.itc.rwth-aachen.de",26,"24,25,26,27,28,29,30,31,32,33,34,35",2,0,0000:1b:00.0,0,"OK",4096,"latency","D2H",50,2,"rev-n2-auto",-1,0,"2:1","2:1","2:1",10.388,10.6047,10.8345,11.016,0.41125,19.394,11.1313,1.64433,0.196695,0.346287,0.352088,0.359716,0.0134291,0.367222,0.347259,0.0310381,0.378052,5.152
0,"n23g0004.hpc.itc.rwth-aachen.de",26,"24,25,26,27,28,29,30,31,32,33,34,35",2,0,0000:1b:00.0,0,"OK",67108864,"bandwidth","H2D",50,2,"rev-n2-auto",-1,0,"2:16384","2:16384","2:16384",1613.03,1615.92,1617.29,1619.59,3.6725,1622.14,1617.82,2.34496,38.5293,38.5899,38.6448,38.6776,0.0877036,38.7469,38.6322,0.0559713,41.4946,1611.06
0,"n23g0004.hpc.itc.rwth-aachen.de",26,"24,25,26,27,28,29,30,31,32,33,34,35",2,0,0000:1b:00.0,0,"OK",67108864,"bandwidth","D2H",50,2,"rev-n2-auto",-1,0,"2:16384","2:16384","2:16384",2180.33,2188,2189.98,2191.86,3.85925,2198.24,2190.04,2.8308,28.4318,28.5146,28.5391,28.5649,0.0502941,28.6654,28.5384,0.0368986,30.6436,2183.46
0,"n23g0004.hpc.itc.rwth-aachen.de",26,"24,25,26,27,28,29,30,31,32,33,34,35",2,0,0000:1b:00.0,0,"OK",268435456,"bandwidth","H2D",50,2,"rev-n2-auto",-1,0,"2:65536","2:65536","2:65536",6423.46,6428.25,6431.02,6434.62,6.369,6444.9,6431.62,4.89554,38.7904,38.8523,38.8741,38.8908,0.0384942,38.9198,38.8705,0.0295747,41.7407,6424.45
0,"n23g0004.hpc.itc.rwth-aachen.de",26,"24,25,26,27,28,29,30,31,32,33,34,35",2,0,0000:1b:00.0,0,"OK",268435456,"bandwidth","D2H",50,2,"rev-n2-auto",-1,0,"2:65536","2:65536","2:65536",8715.07,8722.26,8725.82,8730.71,8.45525,8742.33,8726.65,6.06524,28.5965,28.6346,28.6506,28.6623,0.0277579,28.686,28.6479,0.0199048,30.7634,8719.36
0,"n23g0004.hpc.itc.rwth-aachen.de",13,"12,13,14,15,16,17,18,19,20,21,22,23",1,0,0000:1b:00.0,0,"OK",4096,"latency","H2D",50,1,"rev-n1-auto",-1,0,"1:1","1:1","1:1",10.371,10.8045,10.939,11.144,0.3395,13.203,11.0394,0.441425,0.288927,0.342311,0.348725,0.353066,0.0107549,0.367823,0.346061,0.0127323,0.37444,5.152
0,"n23g0004.hpc.itc.rwth-aachen.de",13,"12,13,14,15,16,17,18,19,20,21,22,23",1,0,0000:1b:00.0,0,"OK",4096,"latency","D2H",50,1,"rev-n1-auto",-1,0,"1:1","1:1","1:1",10.313,10.5228,10.675,10.9432,0.4205,19.136,11.3343,2.22488,0.199347,0.348589,0.357349,0.362519,0.0139299,0.369892,0.344933,0.0427955,0.3837,5.024
0,"n23g0004.hpc.itc.rwth-aachen.de",13,"12,13,14,15,16,17,18,19,20,21,22,23",1,0,0000:1b:00.0,0,"OK",67108864,"bandwidth","H2D",50,1,"rev-n1-auto",-1,0,"1:16384","1:16384","1:16384",1411.43,1415.15,1416.95,1418.35,3.2015,1422.12,1416.74,2.42566,43.9486,44.0653,44.109,44.165,0.0996893,44.2815,44.1155,0.0755445,47.3617,1410.8
0,"n23g0004.hpc.itc.rwth-aachen.de",13,"12,13,14,15,16,17,18,19,20,21,22,23",1,0,0000:1b:00.0,0,"OK",67108864,"bandwidth","D2H",50,1,"rev-n1-auto",-1,0,"1:16384","1:16384","1:16384",1550.41,1555.4,1557.96,1561.58,6.17975,2333.21,1574.32,108.553,26.7872,40.0236,40.1165,40.1827,0.159018,40.312,39.8285,1.86837,43.0748,1551.82
0,"n23g0004.hpc.itc.rwth-aachen.de",13,"12,13,14,15,16,17,18,19,20,21,22,23",1,0,0000:1b:00.0,0,"OK",268435456,"bandwidth","H2D",50,1,"rev-n1-auto",-1,0,"1:65536","1:65536","1:65536",5621.16,5626.75,5632.07,5637.92,11.1658,5647.72,5632.56,6.5676,44.2657,44.3426,44.3886,44.4306,0.0879937,44.4748,44.3849,0.0517407,47.6619,5625.97
0,"n23g0004.hpc.itc.rwth-aachen.de",13,"12,13,14,15,16,17,18,19,20,21,22,23",1,0,0000:1b:00.0,0,"OK",268435456,"bandwidth","D2H",50,1,"rev-n1-auto",-1,0,"1:65536","1:65536","1:65536",6202.35,6214,6218.53,6222.86,8.855,6232.34,6217.94,6.27736,40.1133,40.1745,40.2024,40.2317,0.0572489,40.3073,40.2063,0.0406033,43.167,6212.37
0,"n23g0004.hpc.itc.rwth-aachen.de",0,"0,1,2,3,4,5,6,7,8,9,10,11",0,0,0000:1b:00.0,0,"OK",4096,"latency","H2D",50,0,"rev-n0-auto",-1,0,"0:1","0:1","0:1",10.356,10.9125,10.9905,11.093,0.1805,16.154,11.1204,0.822895,0.236146,0.343884,0.34709,0.349571,0.00568738,0.368356,0.344444,0.0192125,0.372686,5.28
0,"n23g0004.hpc.itc.rwth-aachen.de",0,"0,1,2,3,4,5,6,7,8,9,10,11",0,0,0000:1b:00.0,0,"OK",4096,"latency","D2H",50,0,"rev-n0-auto",-1,0,"0:1","0:1","0:1",10.304,10.49,10.761,10.8645,0.3745,19.47,10.9471,1.26784,0.195927,0.351116,0.354493,0.363651,0.0125347,0.370215,0.351289,0.0247699,0.380634,5.072
0,"n23g0004.hpc.itc.rwth-aachen.de",0,"0,1,2,3,4,5,6,7,8,9,10,11",0,0,0000:1b:00.0,0,"OK",67108864,"bandwidth","H2D",50,0,"rev-n0-auto",-1,0,"0:16384","0:16384","0:16384",1218.05,1218.83,1219.66,1220.04,1.21075,1222.91,1219.59,1.08877,51.1076,51.228,51.244,51.2789,0.0508885,51.3117,51.2469,0.0456991,55.0228,1213.6
0,"n23g0004.hpc.itc.rwth-aachen.de",0,"0,1,2,3,4,5,6,7,8,9,10,11",0,0,0000:1b:00.0,0,"OK",67108864,"bandwidth","D2H",50,0,"rev-n0-auto",-1,0,"0:16384","0:16384","0:16384",1544.49,1553.06,1558.39,1560.06,7.00475,1565.42,1556.75,5.04088,39.9253,40.0625,40.1055,40.2432,0.180694,40.4665,40.1481,0.13019,43.063,1551.98
0,"n23g0004.hpc.itc.rwth-aachen.de",0,"0,1,2,3,4,5,6,7,8,9,10,11",0,0,0000:1b:00.0,0,"OK",268435456,"bandwidth","H2D",50,0,"rev-n0-auto",-1,0,"0:65536","0:65536","0:65536",4840,4840.86,4841.41,4843,2.14675,4845.53,4841.91,1.4214,51.594,51.6209,51.6379,51.6438,0.022892,51.6529,51.6325,0.0151533,55.4458,4835.36
0,"n23g0004.hpc.itc.rwth-aachen.de",0,"0,1,2,3,4,5,6,7,8,9,10,11",0,0,0000:1b:00.0,0,"OK",268435456,"bandwidth","D2H",50,0,"rev-n0-auto",-1,0,"0:65536","0:65536","0:65536",6242.39,6257.96,6262.98,6272.98,15.0233,6289.65,6265.71,10.3422,39.7479,39.8535,39.9171,39.9491,0.0956747,40.0488,39.8998,0.0658095,42.8607,6256.29
