pattern,target_rank,target_host,target_cpu,active_workers,local_workers,remote_workers,payload_bytes,iters,makespan_min_ms,makespan_p25_ms,makespan_median_ms,makespan_mean_ms,makespan_p75_ms,makespan_p95_ms,makespan_max_ms,ingress_bw_median_gibs,egress_bw_median_gibs,combined_bw_median_gibs,worker_lat_median_us,worker_lat_p95_us,worker_lat_max_us,local_lat_median_us,local_lat_p95_us,remote_lat_median_us,remote_lat_p95_us
incast,0,"n23m0223.hpc.itc.rwth-aachen.de",0,1,0,1,4194304,50,0.485449,0.493234,0.495699,0.512159,0.497793,0.506677,1.30882,7.88029,0,7.88029,505.339,516.916,1317.31,0,0,505.339,516.916
fanout,0,"n23m0223.hpc.itc.rwth-aachen.de",0,1,0,1,4194304,50,0.490362,0.503305,0.505585,0.507078,0.507964,0.51557,0.607206,0,7.7262,7.7262,495.325,503.923,511.861,0,0,495.325,503.923
full_duplex,0,"n23m0223.hpc.itc.rwth-aachen.de",0,1,0,1,4194304,50,0.54151,0.553933,0.556924,0.561353,0.569767,0.578173,0.615469,7.01397,7.01397,14.0279,549.818,569.098,601.358,0,0,549.818,569.098
immediate_response,0,"n23m0223.hpc.itc.rwth-aachen.de",0,1,0,1,4194304,50,0.981345,0.99769,1.00001,1.00088,1.00453,1.01146,1.02155,3.90621,3.90621,7.81242,990.336,1001.46,1011.06,0,0,990.336,1001.46
incast,0,"n23m0223.hpc.itc.rwth-aachen.de",0,2,1,1,4194304,50,0.487134,0.528923,0.537759,0.554786,0.573357,0.640053,0.697102,14.5279,0,14.5279,426.733,627.633,701.83,349.387,355.274,547.298,649.548
fanout,0,"n23m0223.hpc.itc.rwth-aachen.de",0,2,1,1,4194304,50,0.481175,0.514777,0.5212,0.515758,0.523982,0.52658,0.529492,0,14.9894,14.9894,418.136,515.363,519.19,302.063,352.586,511.221,515.976
full_duplex,0,"n23m0223.hpc.itc.rwth-aachen.de",0,2,1,1,4194304,50,0.56869,0.57708,0.581812,0.60095,0.591292,0.618412,0.979765,13.4279,13.4279,26.8558,532.65,606.364,1024.5,390.494,406.086,573.279,652.969
immediate_response,0,"n23m0223.hpc.itc.rwth-aachen.de",0,2,1,1,4194304,50,0.965908,0.970469,0.973333,0.981066,0.978418,1.0313,1.05496,8.02654,8.02654,16.0531,832.537,1011.44,1042.92,672.598,691.958,963.688,1020.76
incast,0,"n23m0223.hpc.itc.rwth-aachen.de",0,4,2,2,4194304,50,0.621111,0.70487,0.721544,0.714937,0.727625,0.736426,0.776155,21.655,0,21.655,675.513,733.691,800.244,670.371,733.269,675.513,733.759
fanout,0,"n23m0223.hpc.itc.rwth-aachen.de",0,4,2,2,4194304,50,0.472506,0.556065,0.590483,0.656509,0.778576,0.821268,0.882618,0,26.4614,26.4614,498.536,596.54,684.425,359.691,628.479,533.492,561.147
full_duplex,0,"n23m0223.hpc.itc.rwth-aachen.de",0,4,2,2,4194304,50,0.74548,0.76324,0.778187,0.789396,0.802542,0.852622,0.966368,20.0787,20.0787,40.1575,699.782,774.195,1045.88,559.428,697.861,747.933,778.476
immediate_response,0,"n23m0223.hpc.itc.rwth-aachen.de",0,4,2,2,4194304,50,1.15394,1.2223,1.24838,1.3346,1.52163,1.59617,1.61461,12.5163,12.5163,25.0325,1129.4,1524.6,1602.5,1108.47,1547.52,1143.69,1238.94
incast,0,"n23m0223.hpc.itc.rwth-aachen.de",0,8,4,4,4194304,50,1.50663,1.64618,1.68549,1.6961,1.74988,1.8711,1.8775,18.5406,0,18.5406,1220.09,1764.84,1866.44,1601.16,1812.18,984.564,1298.34
fanout,0,"n23m0223.hpc.itc.rwth-aachen.de",0,8,4,4,4194304,50,0.703127,0.774487,0.813783,0.850815,0.895927,1.06358,1.24029,0,38.4009,38.4009,696.301,931.611,1224.05,743.372,994.759,694.575,699.745
full_duplex,0,"n23m0223.hpc.itc.rwth-aachen.de",0,8,4,4,4194304,50,2.15159,2.19214,2.22613,2.25684,2.3333,2.40753,2.4478,14.0378,14.0378,28.0756,1957.58,2205.83,2320.84,2012.79,2221.91,1842.87,2191.32
immediate_response,0,"n23m0223.hpc.itc.rwth-aachen.de",0,8,4,4,4194304,50,2.48189,2.55443,2.6436,2.65319,2.7457,2.87399,2.90999,11.821,11.821,23.642,1988.4,2737.54,2896.79,2494.55,2805.81,1730.32,1967.13
incast,0,"n23m0223.hpc.itc.rwth-aachen.de",0,12,6,6,4194304,50,3.1582,3.38337,3.51642,3.47525,3.55285,3.70898,3.8978,13.3303,0,13.3303,2262.16,3522.94,3886.61,3271.44,3576.8,1771.12,2112.47
fanout,0,"n23m0223.hpc.itc.rwth-aachen.de",0,12,6,6,4194304,50,1.14831,1.45662,1.51745,1.50593,1.57257,1.63501,1.71678,0,30.8907,30.8907,1033.65,1508.24,1715.05,1301.42,1555.36,1031,1033.15
full_duplex,0,"n23m0223.hpc.itc.rwth-aachen.de",0,12,6,6,4194304,50,3.65975,3.81042,3.92475,3.9413,4.04619,4.1397,4.61742,11.9434,11.9434,23.8869,3207.16,3851.3,4455.89,3527.43,3927.02,2912.67,3497.28
immediate_response,0,"n23m0223.hpc.itc.rwth-aachen.de",0,12,6,6,4194304,50,3.9893,4.1136,4.25106,4.24642,4.35536,4.54026,4.84111,11.0267,11.0267,22.0533,2996.93,4302.88,4827.65,3965.53,4408.02,2567.04,2893.14
incast,0,"n23m0223.hpc.itc.rwth-aachen.de",0,16,8,8,4194304,50,4.77229,5.19531,5.32686,5.24472,5.41058,5.47203,5.54169,11.733,0,11.733,3257.83,5325.39,5528.22,4982.9,5386.62,2495.6,2961.63
fanout,0,"n23m0223.hpc.itc.rwth-aachen.de",0,16,8,8,4194304,50,1.6623,2.01497,2.26381,2.29236,2.52382,2.84772,3.13623,0,27.6083,27.6083,1388.74,2379.08,3040.22,1956.38,2499.11,1378.93,1387.18
full_duplex,0,"n23m0223.hpc.itc.rwth-aachen.de",0,16,8,8,4194304,50,5.26911,5.57741,5.67881,5.66787,5.75784,5.82461,5.85504,11.0058,11.0058,22.0117,4572.55,5495.75,5696.56,5215.9,5557.71,4003.96,4744.88
immediate_response,0,"n23m0223.hpc.itc.rwth-aachen.de",0,16,8,8,4194304,50,5.61894,6.07676,6.3064,6.27978,6.49133,6.65657,6.72662,9.91057,9.91057,19.8211,4017.43,6468.14,6706.08,5906.6,6549.85,3347,3775.65
incast,0,"n23m0223.hpc.itc.rwth-aachen.de",0,24,12,12,4194304,50,7.86677,8.32953,8.48367,8.46771,8.6119,8.80143,9.26834,11.0506,0,11.0506,5581.51,8494.22,9255.17,7982.02,8600.88,3164.22,5547.81
fanout,0,"n23m0223.hpc.itc.rwth-aachen.de",0,24,12,12,4194304,50,2.69875,3.03455,3.29451,3.2795,3.44778,3.76037,3.88514,0,28.4564,28.4564,2075.47,3386.96,3883.34,2967.23,3515.32,2059.06,2072.9
full_duplex,0,"n23m0223.hpc.itc.rwth-aachen.de",0,24,12,12,4194304,50,8.46353,9.046,9.13907,9.12113,9.21253,9.3586,9.65506,10.2582,10.2582,20.5163,7748.63,8889.28,9419.59,8565.07,8963.29,4911.5,8026.98
immediate_response,0,"n23m0223.hpc.itc.rwth-aachen.de",0,24,12,12,4194304,50,9.06899,9.61156,9.8915,9.91183,10.2273,10.5594,10.7573,9.47783,9.47783,18.9557,7464.42,10171.9,10740.9,9089.83,10335.1,4247.62,7604.34
incast,0,"n23m0223.hpc.itc.rwth-aachen.de",0,32,16,16,4194304,50,10.767,11.2244,11.475,11.4555,11.6254,11.9545,12.625,10.8933,0,10.8933,7030.23,11548.4,12605.6,10883.9,11665.2,4792.99,6922.17
fanout,0,"n23m0223.hpc.itc.rwth-aachen.de",0,32,16,16,4194304,50,3.75757,4.32228,4.53424,4.86101,5.43339,6.4162,6.73767,0,27.568,27.568,2752.44,5759.7,6734.49,4171.83,6015.4,2737.81,2748
full_duplex,0,"n23m0223.hpc.itc.rwth-aachen.de",0,32,16,16,4194304,50,11.6578,12.5018,12.6901,12.6939,12.8761,13.1761,14.5602,9.85022,9.85022,19.7004,10379.4,12409.8,14700.5,11874.7,12540.4,7137.33,10720.7
immediate_response,0,"n23m0223.hpc.itc.rwth-aachen.de",0,32,16,16,4194304,50,13.2957,14.4038,14.7446,14.6099,14.9242,15.1501,15.2823,8.47769,8.47769,16.9554,10595,14838.2,15267.3,13577.3,14962,7317.98,10742.8
incast,0,"n23m0223.hpc.itc.rwth-aachen.de",0,48,24,24,4194304,50,18.8895,19.4985,19.6991,19.6841,19.892,20.2272,20.3868,9.51821,0,9.51821,12093.9,19567.3,20371.9,18509.2,19759,7941.84,11962.9
fanout,0,"n23m0223.hpc.itc.rwth-aachen.de",0,48,24,24,4194304,50,4.27076,5.08173,5.94024,5.85787,6.48897,6.98563,7.07383,0,31.5644,31.5644,4121.23,6499.08,7070.81,5485.67,6685.02,4088.89,4123.21
full_duplex,0,"n23m0223.hpc.itc.rwth-aachen.de",0,48,24,24,4194304,50,20.3918,20.9256,21.0926,21.143,21.3355,21.9669,22.2447,8.88939,8.88939,17.7788,17336.6,20653.8,21812.4,19813.7,20926.3,11215.5,17815.6
immediate_response,0,"n23m0223.hpc.itc.rwth-aachen.de",0,48,24,24,4194304,50,23.2992,24.6652,25.5036,25.2407,25.7805,26.224,27.1214,7.3519,7.3519,14.7038,18652.2,25608.5,27098.6,22900.6,25822.8,11659.8,19013
incast,0,"n23m0223.hpc.itc.rwth-aachen.de",0,64,32,32,4194304,50,30.4844,31.6102,31.8357,32.0327,32.2336,33.3085,34.947,7.85282,0,7.85282,19037.8,31763.8,37842.1,29947.3,32218.6,12629.4,18791.9
fanout,0,"n23m0223.hpc.itc.rwth-aachen.de",0,64,32,32,4194304,50,5.51919,5.97765,6.36892,7.29853,7.92766,11.4841,13.3535,0,39.2531,39.2531,5477.38,9856.7,13341.5,6107.72,10963,5446.83,5756.23
full_duplex,0,"n23m0223.hpc.itc.rwth-aachen.de",0,64,32,32,4194304,50,29.0636,29.6923,29.9076,30.0071,30.2144,31.2017,31.7911,8.35908,8.35908,16.7182,24860.4,30051.8,32133.1,28500.2,30359.3,15891.9,25624.5
immediate_response,0,"n23m0223.hpc.itc.rwth-aachen.de",0,64,32,32,4194304,50,32.3369,34.3417,34.8653,35.9929,37.6091,41.099,44.4196,7.17045,7.17045,14.3409,27376,38270.7,44401.5,32913.3,40251.1,16850.3,28236.9
incast,0,"n23m0223.hpc.itc.rwth-aachen.de",0,96,48,48,4194304,50,51.268,51.6992,53.0542,53.1749,54.2207,56.1905,58.2749,7.06824,0,7.06824,32130.6,53268.7,58255.2,49762.5,54187.4,19736.3,31221.5
fanout,0,"n23m0223.hpc.itc.rwth-aachen.de",0,96,48,48,4194304,50,8.29454,8.80269,9.05694,9.62296,9.77296,12.5814,14.9924,0,41.4047,41.4047,8191.19,11312.8,14990.9,8809.5,12008.8,8129.13,8205.85
full_duplex,0,"n23m0223.hpc.itc.rwth-aachen.de",0,96,48,48,4194304,50,47.2532,47.7179,47.9354,48.1166,48.218,49.4966,50.1877,7.82302,7.82302,15.646,39610.4,47364.6,49928.3,45058.3,47863.4,24556.4,40523.5
immediate_response,0,"n23m0223.hpc.itc.rwth-aachen.de",0,96,48,48,4194304,50,59.8214,64.5006,65.7138,65.6501,67.4027,69.158,69.9544,5.70656,5.70656,11.4131,49688.6,66620,69889.8,58932.6,67674,29425.9,50690.1
incast,0,"n23m0223.hpc.itc.rwth-aachen.de",0,128,64,64,4194304,50,72.2107,73.2052,74.0397,74.8093,75.2518,79.299,85.7303,6.75313,0,6.75313,46461.5,75275.3,87873.1,70997.7,77614.4,27807,44334.3
fanout,0,"n23m0223.hpc.itc.rwth-aachen.de",0,128,64,64,4194304,50,10.9677,11.5498,11.8521,12.0715,12.1188,13.87,16.1397,0,42.1867,42.1867,10928.5,12634.2,16132.2,11626.3,13696.9,10807.6,10948.8
full_duplex,0,"n23m0223.hpc.itc.rwth-aachen.de",0,128,64,64,4194304,50,61.4386,64.013,64.318,64.3551,64.9006,65.4268,70.0476,7.77388,7.77388,15.5478,53031.8,63654.6,70025.6,60129.8,64219.2,32483.5,54139.4
immediate_response,0,"n23m0223.hpc.itc.rwth-aachen.de",0,128,64,64,4194304,50,81.4794,87.6259,89.5478,89.661,91.9006,94.0433,95.2507,5.58361,5.58361,11.1672,68974.4,91089.2,95231.9,81040.7,92715.6,40826.9,70353.5
incast,0,"n23m0223.hpc.itc.rwth-aachen.de",0,160,80,80,4194304,50,92.192,93.5109,94.0691,94.3331,94.8534,96.9809,98.9622,6.64405,0,6.64405,58577.4,94269.4,111692,89925.1,95108.8,35671.8,57313.2
fanout,0,"n23m0223.hpc.itc.rwth-aachen.de",0,160,80,80,4194304,50,13.8472,14.3218,14.6188,14.7284,14.8628,15.8892,17.951,0,42.7532,42.7532,13647.1,15018.6,17948.1,14362.5,15878.5,13449.8,13664.4
full_duplex,0,"n23m0223.hpc.itc.rwth-aachen.de",0,160,80,80,4194304,50,77.7403,80.8583,81.3362,83.1633,81.8154,84.3918,154.051,7.68415,7.68415,15.3683,67626.4,80261.5,154046,75985.7,80936.4,40591.1,68667.1
immediate_response,0,"n23m0223.hpc.itc.rwth-aachen.de",0,160,80,80,4194304,50,107.874,113.063,115.728,116.322,119.358,123.488,125.904,5.40059,5.40059,10.8012,89169.4,118388,125879,105590,120218,53656.2,90740
incast,0,"n23m0223.hpc.itc.rwth-aachen.de",0,191,95,96,4194304,50,111.243,112.952,113.871,114.707,114.99,120.99,122.281,6.5521,0,6.5521,72733.5,114632,123002,108882,117545,44352.1,70470.6
fanout,0,"n23m0223.hpc.itc.rwth-aachen.de",0,191,95,96,4194304,50,16.7388,17.3254,17.5371,17.6028,17.844,18.4836,19.125,0,42.5436,42.5436,16373.7,17951.6,19121.8,17271.4,18266.3,16097.9,16392.9
full_duplex,0,"n23m0223.hpc.itc.rwth-aachen.de",0,191,95,96,4194304,50,91.6621,94.9769,95.784,95.5163,96.4908,97.2096,97.5524,7.78933,7.78933,15.5787,79340.2,94438.7,97525.5,89293.8,95348.6,47807.1,81631.1
immediate_response,0,"n23m0223.hpc.itc.rwth-aachen.de",0,191,95,96,4194304,50,129.383,137.149,139.851,139.616,142.347,146.043,149.883,5.33491,5.33491,10.6698,107924,141425,149873,127431,143013,64938.9,110607
